id,company_name,location,country,website,contact_emails,contact_role,description,employee_estimate,source_platform,source_job
1,8seats,"Sydney, Australia",Australia,https://8seats.com,support@8seats.com,support,Team messaging product company hiring QA automation engineers.,<50,Indeed,QA Automation Engineer
2,Actualise Design,"Sydney, Australia",Australia,https://actualisedesign.com,front-end-web-developer@actualisedesign.com,studio lead,Boutique Sydney digital and UX studio hiring front-end developers.,<50,Indeed,Front-End Web Developer
3,Attention Experts,"Melbourne, Australia",Australia,https://attentionexperts.com,info@attentionexperts.com,general,"Digital marketing and social agency with clients across Melbourne, Brisbane and Sydney.",11-50,Indeed,Digital Marketing Specialist
4,Axiom Design Partners,"Perth, Australia",Australia,https://axiom.com.au,hello@axiom.com.au,general,"Subiaco Perth creative studio for brand, digital and environmental design.",5-6,Indeed,Graphic Designer
5,BAMBRICK,"Brisbane City, Queensland, Australia",Australia,https://www.bambrick.com.au,ac_logos_2026_asset-689@2x.png.webp; ac_logos_2026_asset-689@2x-300x42.png.webp; ac_logos_2026_asset-689@2x-350x48.png.webp,public inbox,Healthtech / digital health software company hiring engineers.,11-50,LinkedIn,Digital Copywriter
6,Bigfish,"Brisbane, Australia",Australia,https://bigfish.design,hello@bigfish.design; jobs@bigfish.design,general / careers,Brisbane design and technology studio building custom websites and integrations.,11-50,Indeed,Full-stack Developer
7,Bookipi,Australia (remote-first),Australia,https://bookipi.com,support@bookipi.com,support,Fast-growing invoicing/payroll SaaS startup hiring senior React front-end developers.,<100,Indeed,Senior Front-End Developer
8,Boylen,"Adelaide, Australia",Australia,https://www.boylen.com.au,admin@boylen.com.au,admin,"Adelaide web design, SEO and graphic design agency.",~13,LinkedIn,Web Designer
9,Brevity Pty Ltd,"Sydney, Australia",Australia,https://www.brevity.com.au,info@brevity.com.au; support@brevity.com.au,info / support,NDIS/aged care practice-management SaaS hiring React front-end developers.,<100,Indeed,Frontend Software Developer
10,Convert Digital,"Melbourne, Australia",Australia,https://www.convertdigital.com.au,enquiries@convertdigital.com.au,enquiries,Ecommerce agency specialising in Shopify Plus and headless commerce.,51-99,Indeed,Senior Software Engineer (Back End)
11,CoVet,Australia (remote-first),Australia,https://covet.vet,people@co.vet,people / HR,Veterinary AI copilot startup hiring backend developers.,<25,Indeed,Back-end Developer
12,Dapth,"Perth, Australia",Australia,https://dapth.com,support@dapth.com,support,Perth digital consultancy and software house for government and enterprise systems.,~19,LinkedIn,Full Stack Web Developer
13,Digital Garden,"Sydney, New South Wales, Australia",Australia,https://www.digitalgarden.com.au,info@digitalgarden.com.au; careers@digitalgarden.com.au,careers / talent,Digital agency hiring web/software developers.,11-50,LinkedIn,Digital Project Manager (Mid-weight to Senior)
14,Digital Native - Digital & Technology Recruitment,"Brisbane, Queensland, Australia",Australia,https://www.digitalnative.io,hello@digitalnative.io,hello / general,Digital agency hiring web/software developers.,2-10,LinkedIn,Engineering Team Lead
15,Digital Stack,"Melbourne, Australia",Australia,https://digitalstack.io,support@digitalstack.io,engineering lead,Small digital advertising/tech agency hiring React front-end engineers.,~13,Indeed,React Front End Developer
16,Digital8,"Brisbane, Australia",Australia,https://www.digital8.com.au,sales@digital8.com.au; careers@digital8.com.au,sales / careers,"Brisbane digital agency for web, apps, Laravel/React and government platforms.",8-49,Indeed,Mid-Level Laravel Developer
17,Edge Marketing,"Brisbane, Queensland, Australia",Australia,https://www.edgeonline.com.au,ideas@edgeonline.com.au,public inbox,Digital agency hiring web/software developers.,11-50,LinkedIn,SEO/GEO Strategist
18,Fivecast,"Adelaide, South Australia, Australia",Australia,https://fivecast.com/,info@fivecast.com,info / contact,Fivecast delivers open-source intelligence solutions built for...,51-100,LinkedIn,Technical Product Manager
19,Harrison McMillan Pty Ltd,"Adelaide, South Australia, Australia",Australia,https://www.harrisonmcmillan.com.au,enquiries@harrisonmcmillan.com.au; mymail@mailservice.com,info / contact,Digital agency hiring web/software developers.,11-50,LinkedIn,Application Developer
20,Hatchd,"Perth, Australia",Australia,https://www.hatchd.com.au,hello@hatchd.com.au,general,Perth digital product studio designing and building React/Python platforms.,11-50,LinkedIn,Software Developer
21,Hatchet,"Perth, Australia",Australia,https://hatchet.com.au,hello@hatchet.com.au,general,"Perth digital agency for Laravel/WordPress hosting, apps and custom software.",~7,LinkedIn,Web Developer
22,Hello Digital,"Brisbane, Australia",Australia,https://hellodigital.net.au,hello@hellodigital.net.au,general,Brisbane full-service digital marketing agency for SME and enterprise clients.,11-50,Indeed,Digital Marketer
23,Horizon Digital,"Perth, Western Australia, Australia",Australia,https://horizondigital.au/,hello@horizondigital.au,hello / general,Mobile app studio or product company hiring mobile engineers.,51-100,LinkedIn,Mobile Engineer
24,JACK App,"Adelaide, South Australia, Australia",Australia,https://jackapp.io/,hello@jackapp.io; hello@jackapp.io); helpdesk@jackapp.io,hello / general,Construction Management Software For Builders &amp; Trades Esti...,11-50,LinkedIn,Implementation Specialist (Construction SaaS)
25,Law of the Jungle,"Sydney, Australia",Australia,https://lotj.com,team@lotj.com; careers@lotj.com,team / careers,RegTech/marketing compliance software company hiring AI-native developers.,<50,Indeed,AI-native software developer
26,Lightbulb Digital,"Adelaide, Australia",Australia,https://lightbulb.digital,hello@lightbulb.digital,general,"Adelaide/Sydney web design studio for WordPress, Shopify, Craft and custom apps.",1-15,LinkedIn,Web Developer
27,Lumary,"Adelaide, South Australia, Australia",Australia,https://www.lumary.com.au,sales@lumary.com.au,public inbox,Healthtech / digital health software company hiring engineers.,51-100,LinkedIn,Expressions of Interest
28,Lupo Digital,"Sydney, Australia",Australia,https://www.lupodigital.com,info@lupodigital.com; marketing@lupodigital.com,agency / HubSpot lead,"HubSpot partner digital agency for education, luxury and financial services.",<50,Indeed,HubSpot Technical & Web Developer
29,Lyrebird Health,"Melbourne, Victoria, Australia",Australia,https://www.lyrebirdhealth.com,support@lyrebirdhealth.com,support / ops,Healthtech / digital health software company hiring engineers.,11-50,LinkedIn,Engineering Lead
30,mx51,Greater Adelaide Area,Australia,https://www.mx51.com,hello@mx51.com,hello / general,Fintech software company hiring engineers for financial products.,51-100,LinkedIn,Senior Backend Engineer
31,New Leaf Digital,"Adelaide, Australia",Australia,https://newleafdigital.com.au,hello@newleafdigital.com.au,founder,Female-founded Adelaide web design and SEO agency.,1-10,Indeed,Web Designer
32,New Word Order,"Brisbane, Australia",Australia,https://newwordorder.com.au,info@newwordorder.com.au,general,Brisbane purpose-driven creative agency.,11-50,LinkedIn,Copy Director
33,NineTech,"Perth, Western Australia, Australia",Australia,https://ninetechsolutions.com/,info@ninetechsolutions.com,info / contact,Software company / tech team hiring developers (sourced via LinkedIn Jobs).,2-10,LinkedIn,Web AI Developer
34,NinjaTech AI,"Sydney, Australia",Australia,https://www.ninjatech.ai,support@ninjatech.ai,support,Agentic AI platform company hiring full-stack software engineers.,<100,Indeed,Full Stack Software Engineer - Agentic AI
35,NotesEdu,"Sydney, Australia",Australia,https://notesedu.com.au,contact@notesedu.com.au,contact,Exam prep EdTech company hiring remote full-stack engineers.,<50,Indeed,Senior Software Engineer (Full Stack) – Remote
36,NOW Digital,"Melbourne, Australia",Australia,https://www.nowdigital.com.au,work@nowdigital.com.au; melbourne@nowdigital.com.au,hiring / principals,"Independent UX-led digital agency building Sitecore, Drupal, WordPress and custom platforms.",~10,Indeed,Front End Developer (Mid-Level)
37,OwnHome,"Sydney, Australia",Australia,https://ownhome.com,hello@ownhome.com; security@ownhome.com,hello,Australian low-deposit home loans PropTech hiring full-stack engineers.,<100,Indeed,Software Engineer (Full stack)
38,Pixeld,"Melbourne / Geelong, Australia",Australia,https://www.pixeld.com.au,hello@pixeld.com.au,agency owners,Full-service digital agency for custom websites and growth marketing campaigns.,<50,Indeed,Digital Project Manager
39,PWD Digital Agency,"Perth, Australia",Australia,https://pwd.com.au,contact@pwd.com.au,general,Perth full-service web design and digital marketing agency.,~65,Indeed,Web Developer
40,Quasar Satellite Technologies,"Sydney, Australia",Australia,https://quasarsat.com,info@quasarsat.com,info,Space ground infrastructure company hiring software engineers.,<100,Indeed,Software Engineer
41,Relevance AI,"Sydney, Australia",Australia,https://relevanceai.com,jacky@relevanceai.com,founder,AI agents platform hiring senior software engineers (borderline ~100 employees — verify).,~97-126 verify,Indeed,Senior Software Engineer
42,Sentius Digital,"Melbourne, Australia",Australia,https://www.sentiusdigital.au,peoplefirst@sentius.com.au; digital@sentius.com.au,people / digital,"Melbourne full-service digital agency for strategy, UX/UI and marketing.",51-99,LinkedIn,Web UX/UI Designer
43,Settify (Corto Pty Ltd),"Sydney, Australia",Australia,https://www.settify.com.au,contact@settify.com,engineering,Legal-tech scale-up building AI intake/triage products for law firms.,~16,Indeed,AI Software Engineer
44,Shockbyte,"Melbourne, Australia",Australia,https://shockbyte.com,support@shockbyte.com,VP product / founders,Australian game-server hosting product company hiring senior developers.,29-33,Indeed,Senior Software Developer
45,Southside Digital,"Adelaide, Australia",Australia,https://www.southsidedigital.com,hello@southsidedigital.com,general,"Adelaide full-service digital agency for websites, SEO and social.",1-20,Indeed,Web Designer
46,The Start,"Perth, Australia",Australia,https://thestart.com.au,hi@thestart.com.au,general,"Award-winning Perth design, web and AI studio.",14-16,LinkedIn,Web Developer
47,WA Primary Health Alliance - WAPHA,"Perth, Western Australia, Australia",Australia,https://www.wapha.org.au,info@wapha.org.au,info / contact,Healthtech / digital health software company hiring engineers.,51-100,LinkedIn,Data Engineer
48,WorkingMouse,"Brisbane, Australia",Australia,https://www.workingmouse.com.au,info@workingmouse.com.au,engineering leadership,Brisbane software engineering agency modernising legacy systems into cloud apps.,<100,Indeed,Full Stack Developer
49,XPT Software Australia,"Perth, Western Australia, Australia",Australia,https://xptsoftware.com.au/,info@xptsoftware.com,info / contact,Mobile app studio or product company hiring mobile engineers.,51-100,LinkedIn,Flutter Developer
50,Zanity,"Adelaide / Melbourne, Australia",Australia,https://zanity.com.au,info@zanity.com.au,technical lead,Full-service web and marketing agency hiring Magento/PHP developers.,<100,Indeed,Magento Developer
51,Aarorn Technologies Inc,"Montreal, Quebec, Canada",Canada,https://www.aarorn.com,hello@aarorn.com,hello / general,Software company / tech team hiring developers (sourced via LinkedIn Jobs).,11-50,LinkedIn,Python fullstack developer with Gen AI
52,AMAEKA TECHNOLOGIES,"Manchester, Ontario, Canada",Canada,https://amaeka.com/,hello@amaeka.com; cok@amaeka.com; blr@amaeka.com,hello / general,Mobile app studio or product company hiring mobile engineers.,11-50,LinkedIn,React Native Developer
53,Blair Health,"Toronto, Ontario, Canada",Canada,https://blairhealth.ca,hello@blairhealth.ca; hello@blairhealth.ca\; support@blairhealth.ca,hello / general,Healthtech / digital health software company hiring engineers.,2-10,LinkedIn,Vice President of Engineering
54,Carré Technologies Inc.,"Montreal, Quebec, Canada",Canada,https://www.hexoskin.com,support@hexoskin.com,support / ops,WordPress / web development company or agency hiring CMS and custom web developers.,11-50,LinkedIn,Jobs - Frontend - Web Application Developer
55,Creative Guild,"Hamilton, Ontario, Canada",Canada,https://www.creativeguild.ca,ideas@creativeguild.ca,public inbox,Digital agency hiring web/software developers.,11-50,LinkedIn,Full Stack Web Developer
56,Dominion Dynamics,"Ottawa, Ontario, Canada",Canada,https://www.defendthedominion.com,info@ddc2.com,info / contact,"Dominion Dynamics develops integrated autonomy, sensing, communications, and command-an...",51-100,LinkedIn,Software Engineer – Frontend
57,Gala Solutions,"Montreal, Quebec, Canada",Canada,https://www.galasolutions.ca/,info@galatechsolutions.com,info / contact,Mobile app studio or product company hiring mobile engineers.,51-100,LinkedIn,Full Stack Mobile Application Developer
58,Harmony AI (tryharmony.ai),"Rankin Location 15 D, Ontario, Canada",Canada,https://www.tryharmony.ai/,george@tryharmony.ai,public inbox,"AI Automation for Manufacturing. Harmony AI is an AI-native layer that runs your plant with real time data. Machines, softwar...",11-50,LinkedIn,Full-Stack Software Engineer
59,High Tech Genesis,"Ottawa, Ontario, Canada",Canada,https://www.HighTechGenesis.com,admin@hightechgenesis.com,public inbox,"At HTG, we are focused on providing engineering services specifically to the high-tech sector. As a trusted part...",51-100,LinkedIn,Marketing Coordinator
60,INNOVATIVE CODE LABS PVT. LTD.,"Special Area 3, Alberta, Canada",Canada,https://icodelabs.co,hello@icodelabs.co; hello@icodelabs.co\; hr@icodelabs.co,hello / general,WordPress / web development company or agency hiring CMS and custom web developers.,11-50,LinkedIn,Web Developers
61,Nanometrics Inc.,"Ottawa, Ontario, Canada",Canada,https://nanometrics.ca,stuartallardice@nanometrics.ca; tantaihung@nanometrics.ca; alastairfenwick@nanometrics.ca,public inbox,Healthtech / digital health software company hiring engineers.,51-100,LinkedIn,Intermediate Software Developer
62,Newprint,"Ottawa, Ontario, Canada",Canada,https://www.newprint.com,support@newprint.com,support / ops,Shopify / ecommerce software or agency team hiring for storefront and commerce engineering.,11-50,LinkedIn,Flutter UX UI Product Designer
63,Nialli Inc.,"Calgary, Alberta, Canada",Canada,https://www.nialli.com/,sales@nialli.com,public inbox,"At Nialli, we believe that technology doesn’t solve problems – people do. And that every great product starts with a problem that needs solvi...",11-50,LinkedIn,Front-End Web Developer
64,Options Consulting Solutions,"Toronto, Ontario, Canada",Canada,https://www.optionscs.com,options@optionscs.com,public inbox,WordPress / web development company or agency hiring CMS and custom web developers.,11-50,LinkedIn,Wordpress Developer
65,OXARO Inc.,"Ottawa, Ontario, Canada",Canada,https://www.oxaro.com,info@oxaro.com,info / contact,Digital agency hiring web/software developers.,51-100,LinkedIn,ServiceNow Experts
66,Q-Block Computing,"Ottawa, Ontario, Canada",Canada,https://www.q-block.ca,support@q-block.ca; qtask@q-block.ca; career@q-block.ca,careers / talent,Quantum Sensing - Networking - Computing | Q-Block Computing builds quantum computers to decode Nature&#...,11-50,LinkedIn,Information Systems Specialist — Quantum Infrastructure
67,Quarry Consulting,Greater Ottawa Metropolitan Area,Canada,https://quarryconsulting.ca/,info@quarryconsulting.ca,info / contact,WordPress / web development company or agency hiring CMS and custom web developers.,11-50,LinkedIn,Java Web Developer
68,RBR,"Ottawa, Ontario, Canada",Canada,https://rbr-global.com/,info@rbr-global.com; support@rbr-global.com,info / contact,"We create instruments to measure the blue planet. From the ocean abyss to the polar ice cap, our sen...",51-100,LinkedIn,Senior Software Developer
69,Stem Health,"Toronto, Ontario, Canada",Canada,https://stemhealth.ca,care@stemhealth.ca,public inbox,Healthtech / digital health software company hiring engineers.,2-10,LinkedIn,Applied AI Engineer
70,Teifi Digital,"Vancouver, British Columbia, Canada",Canada,https://teifi.com,growth@teifi.com,public inbox,Shopify / ecommerce software or agency team hiring for storefront and commerce engineering.,51-100,LinkedIn,Ecommerce Business Analyst
71,The Concept Agency - Digital Marketing Agency,"Greater Toronto Area, Canada",Canada,https://theconceptagency.co,hello@readymag.com; support@readymag.com; edu@readymag.com,hello / general,Digital agency hiring web/software developers.,2-10,LinkedIn,Marketing Account Strategist
72,TrueContext,"Ottawa, Ontario, Canada",Canada,https://truecontext.com/,sales@truecontext.com,public inbox,TrueContext is the field service workflow platform for today’s connec...,51-100,LinkedIn,Software Engineer
73,Yeti Digital Labs,"Rankin Location 15 D, Ontario, Canada",Canada,https://yetidigitallabs.com/,nstewatiya@gmail.com; nstewatiya@gmail.com\,public inbox,Healthtech / digital health software company hiring engineers.,2-10,LinkedIn,Frontend Developer
74,GDS Africa,"Accra, Greater Accra Region, Ghana",Ghana,https://www.gdsafrica.com,info@gdsafrica.com,info / contact,GDS Africa is a full service IT company located in Ghana ...,51-100,LinkedIn,Middleware Integration Developer / Administrator
75,Abhi Ram Software Solutions Pvt. Ltd,"Bengaluru, Karnataka, India",India,https://abhiramsoft.com/,info@abhiramsoft.com,info / contact,Mobile app studio or product company hiring mobile engineers.,2-10,LinkedIn,Mobile Developer
76,Cloudstar Digital,Greater Chennai Area,India,https://cloudstar.digital/,hello@cloudstar.digital; cloudstar0987@gmail.com,hello / general,WordPress / web development company or agency hiring CMS and custom web developers.,11-50,LinkedIn,WordPress Developer
77,Codeleap Techno Solutions,Greater Hyderabad Area,India,https://www.codeleapsolutions.com/,info@codeleapsolutions.com,info / contact,Mobile app studio or product company hiring mobile engineers.,51-100,LinkedIn,Mobile App Developer (React Native)
78,Coditron Technologies,"Pimpri Chinchwad, Maharashtra, India",India,https://www.coditron.com,contact@coditron.com; sales@coditron.com,info / contact,Shopify / ecommerce software or agency team hiring for storefront and commerce engineering.,51-100,LinkedIn,WordPress Developer
79,Digital Tokri,Pune/Pimpri-Chinchwad Area,India,https://www.digitaltokri.com,hello@digitaltokri.com,hello / general,Digital agency hiring web/software developers.,11-50,LinkedIn,Web Developer
80,Disha: AI Health Coach,"Gurugram, Haryana, India",India,https://disha.health/,support@cure.link,support / ops,Healthtech / digital health software company hiring engineers.,11-50,LinkedIn,Senior Software Engineer
81,Endowus,"Hyderabad, Telangana, India",India,https://www.endowus.com,institutional@endowus.com,public inbox,Digital agency hiring web/software developers.,51-100,LinkedIn,QA Engineering
82,ETCIO - Cloud Data Center,"Pune City, Maharashtra, India",India,https://cio.economictimes.indiatimes.com/,contactus@etauto.com; contactus@etretail.com; contactus@ethealthworld.com,public inbox,Healthtech / digital health software company hiring engineers.,51-100,LinkedIn,Kapittx- AI-Powered Accounts Receivable Automation & B2B Payments - Human Software Engineer (AI-Native Engineering Team) ( 0-0 yrs )
83,Infiria AI Pvt. Ltd.,"Ahmedabad, Gujarat, India",India,https://infiria.com/,info@infiria.com; info@infiria.com\; sales@infiria.com,info / contact,Shopify / ecommerce software or agency team hiring for storefront and commerce engineering.,2-10,LinkedIn,Shopify Developer
84,Kapittx- AI-Powered Accounts Receivable Automation & B2B Payments,"Pune District, Maharashtra, India",India,https://www.kapittx.com,sales@kapittx.com,public inbox,Fintech software company hiring engineers for financial products.,11-50,LinkedIn,Junior Manual Tester — Finance Domain
85,Magnet HR Tech Digital,"Ghaziabad, Uttar Pradesh, India",India,https://www.magnethrconsultingservices.com,magnethrconsultingservices@gmail.com,public inbox,Digital agency hiring web/software developers.,2-10,LinkedIn,Delivery Architect
86,Navinyaa Solutions,"Dodda Ballapur, Karnataka, India",India,https://navinyaa.com/,bms@navinyaa.com,public inbox,"Navinyaa Solutions is a premier, multi-disciplinary serv...",11-50,LinkedIn,Lead Full-Stack Tech Engineer
87,Pure Apps Information Technologies,"Bharuch, Gujarat, India",India,https://www.pureappsit.com/,info@pureappsit.com,info / contact,Mobile app studio or product company hiring mobile engineers.,11-50,LinkedIn,Mobile Developer
88,Purviv Labs,"Bengaluru, Karnataka, India",India,https://www.purviv.com/,support@purviv.com,support / ops,Shopify / ecommerce software or agency team hiring for storefront and commerce engineering.,11-50,LinkedIn,Shopify Developer
89,Qorvatech - Best Digital Marketing Agency in Noida (Delhi NCR),"Dadri, Uttar Pradesh, India",India,https://www.qorvatech.com,info@qorvatech.com,info / contact,WordPress / web development company or agency hiring CMS and custom web developers.,11-50,LinkedIn,Wordpress Developer
90,Runcode Software Solutions,"Hyderabad, Telangana, India",India,https://runcodesoft.com,info@runcode.in; info@runcodesoft.com,info / contact,Mobile app studio or product company hiring mobile engineers.,11-50,LinkedIn,Mobile Developer (React Native)
91,Seattle New Media,India,India,https://seattlenewmedia.com,contact@seattlenewmedia.com,info / contact,Healthtech / digital health software company hiring engineers.,11-50,LinkedIn,Product Marketer
92,Trilokana Marketing Pvt Ltd,"Hyderabad, Telangana, India",India,https://trilokana.com,krishna@trilokana.com,public inbox,WordPress / web development company or agency hiring CMS and custom web developers.,11-50,LinkedIn,WordPress Developer (2+ years of experience)
93,Vahan.ai,"Bengaluru, Karnataka, India",India,https://vahan.ai,info@vahan.ai,info / contact,Vahan is at the forefront of leveraging AI to create meani...,51-100,LinkedIn,Senior Software Engineer
94,Varun Digital Media,"Hyderabad, Telangana, India",India,https://www.varundigitalmedia.com,info@varundigitalmedia.com,info / contact,Digital marketing agency with Hyderabad delivery hiring website development / web project managers.,51-100,LinkedIn,Website Development Manager / Web Project Manager
95,XCT Solutions Pvt. Ltd.,"Mumbai, Maharashtra, India",India,https://xct.co.in/,info@xct.co.in; support@name.com,info / contact,"We believe in optimizing our customers IT Infrastructure to enable them to scale their Business to meet the increasing demands. As an organization,...",51-100,LinkedIn,Tech Lead - Full Stack Developer
96,Zithara.AI,"Hyderabad, Telangana, India",India,https://www.zithara.ai,aisha.patel@techworld.com; javier.rodriguez@innovate.net; meiling.chen@globaltech.co,public inbox,Mobile app studio or product company hiring mobile engineers.,11-50,LinkedIn,Flutter Developer
97,Kitman Labs,"Dublin, County Dublin, Ireland",Ireland,https://kitmanlabs.com,support@kitmanlabs.com,support / ops,Kitman Labs is the world&#39;s leading sports science and performance intelligence company with an established track record of working wit...,51-100,LinkedIn,Software Engineer
98,Ocho,"Belfast, Northern Ireland, United Kingdom",Ireland,https://www.ochopeople.com,hello@ochopeople.com,hello / general,Ocho use the latest technology combined with over 100 years of combined experience scaling global tech businesses to bring dig...,11-50,LinkedIn,Java Software Engineer
99,Spanish Point Technologies,"Dublin, County Dublin, Ireland",Ireland,https://www.spanishpoint.ie,info@spanishpoint.ie; info@spanishpoint.ie\; u003einfo@spanishpoint.ie,info / contact,Spanish Point Technologies is a pioneeri...,51-100,LinkedIn,Senior Power Platform Developer (Power Pages)
100,Aeres Technologies Ltd,"Nairobi, Kenya",Kenya,,recruitment@aerestechnologies.co.ke,recruitment,Nairobi digital solutions firm hiring junior fullstack developers.,<50,LinkedIn,Junior Fullstack Developer
101,Arfa Technology Ltd,"Nairobi, Kenya",Kenya,https://arfatechnology.com/,sales@arfatechnology.com,sales,"Nairobi cybersecurity and digital-transformation firm (SOC/MDR, cloud security).",~5,LinkedIn,Senior Frontend Engineer
102,AURIC,Kenya (remote listing),Kenya,https://thinkauric.com/,info@thinkauric.com,info,Gym/payments software company hiring remote QA talent via Kenya LinkedIn jobs.,~5,LinkedIn,Junior Software Quality Assurance Engineer
103,Brupace Digital,"Nairobi, Kenya",Kenya,https://brupacedigital.africa/,info@brupacedigital.africa; hello@brupacedigital.africa,info / hello,"Nairobi creative tech agency for branding, UX/UI, and web/app development.",~12,LinkedIn,Senior Frontend Developer
104,ByteBoon,"Nairobi, Kenya",Kenya,,careers@byteboon.com,careers,Early-stage distributed systems / BoonOS startup hiring in Nairobi.,<20,LinkedIn,Software Engineer
105,Cherehani Africa,"Nairobi, Kenya",Kenya,https://cherehani.org,careers@cherehani.org,careers,Nairobi org hiring fullstack developers with AI integration focus.,1-20,LinkedIn,Full-Stack Developer (AI Integration)
106,Ciriz Digital Services,"Nairobi, Kenya",Kenya,https://cirizdigital.com/,hr@cirizdigital.com,hr,"Nairobi software shop building custom apps, websites, hosting, and integrations.",<50,LinkedIn,Web Developer
107,Daat AI,"Oserian Engineering, Nakuru, Kenya",Kenya,https://www.daatview.com/,team@daatview.com,public inbox,"Daat builds custom AI operating systems for businesses, connecting to the tools they already use and turning sca...",2-10,LinkedIn,Founding Engineer
108,eKitabu,"Nairobi, Kenya",Kenya,,support@ekitabu.com,support,Digital content and edtech company (~35) hiring software developers.,~35,LinkedIn,Software Developer
109,Ezra,"Nairobi, Kenya",Kenya,https://ezra.world/,info@ezra.world,info,Fintech credit-infrastructure provider with a Nairobi engineering/ops footprint.,~61,LinkedIn,Data Engineer
110,Forty Guard,"Nairobi, Kenya",Kenya,,hr@fortyguard.com,hr,AI automation and cybersecurity-adjacent company hiring remotely from Kenya.,<50,LinkedIn,Software Engineer
111,Hubitable,"Nairobi, Kenya",Kenya,,hi@hubitable.com,hi,Food/health engagement startup hiring software engineers in Nairobi.,<30,LinkedIn,Software Engineer
112,Ifkafin Systems,"Nairobi County, Kenya",Kenya,https://www.ifkafin.com,contact@ifkafin.com,info / contact,"At IfkaFin Systems, we develop cutting-edge, secure, and s...",2-10,LinkedIn,Product Designer - UI/UX & Product Video Content
113,KiliMax Software,"Nairobi, Kenya",Kenya,,georgina.muchoki@kilimax.com,hiring contact,Software/ops clarity startup hiring engineers in Kenya.,<50,LinkedIn,Software Engineer
114,Medbook Africa,"Nairobi, Kenya",Kenya,https://medbookafrica.com,info@medbookafrica.com; md@medbookafrica.com,info / md,Healthtech providing digital healthcare solutions for Kenyan communities and stakeholders.,<50,LinkedIn,Software Developer
115,Nathan Digital,"Nairobi, Kenya",Kenya,https://www.nathandigital.com,info@nathandigital.com,info,"ERP and digital solutions company (HRMS, CRM, accounting) with Kenya delivery presence.",<100,LinkedIn,Fullstack Developer
116,Nyansapo AI,"Nairobi, Kenya",Kenya,https://www.nyansapoai.app/,info@nyansapoai.net,info,Nairobi edtech startup using AI for literacy/numeracy assessments.,<50,LinkedIn,Full Stack Developer
117,Open Function (OpenFn),Kenya / London HQ,Kenya,https://www.openfn.org/,admin@openfn.org,admin,Open-source workflow automation platform for governments/NGOs with Kenya hiring.,~21,LinkedIn,Principal Software Engineer
118,Pawa IT Solutions,"Nairobi, Kenya",Kenya,https://pawait.africa/,support@pawait.africa; careers@pawait.africa,support / careers,Nairobi Google Cloud / Workspace partner and cloud solutions company.,~16,LinkedIn,Graphics & Web Designer
119,Paya Ventures Limited,"Nairobi, Kenya",Kenya,https://www.paya.co.ke/,support@paya.co.ke,support,"Kenya fintech for digital banking, payments APIs, and Buy Now Pay Later.",~50,LinkedIn,Full Stack Engineer
120,Pezesha,"Nairobi, Kenya",Kenya,https://pezesha.com,hello@pezesha.com; jobs@pezesha.com,hello / jobs,MSME embedded finance platform (CBK DCP) for credit and payments.,<100,LinkedIn,Software Engineer
121,PIPOSOFT,"Nairobi, Kenya",Kenya,https://piposoft.co.ke,sales@piposoft.co.ke; connect@piposoft.co.ke,sales,Kenya SME/startup talent acquisition agency posting engineering roles.,<50,LinkedIn,Full Stack Engineer
122,PowWater,"Nairobi, Kenya",Kenya,,recruitment@powwater.com,recruitment,Water access tech startup hiring React engineers in Nairobi.,<50,LinkedIn,React Developer
123,Purple Elephant Ventures,"Nairobi, Kenya",Kenya,,hr@purpleelephant.ventures,hr,"Tech studio building products across ecommerce, fintech, and tourism.",<50,LinkedIn,Senior Engineer
124,Share,"Nairobi, Kenya",Kenya,https://share.inc/,partnerships@share.inc,partnerships,Decentralized/open-access internet network startup with Kenya engineering hiring.,~11,LinkedIn,Founding Engineer
125,Sinbad,"Nairobi, Kenya",Kenya,,careers@sinbad.co.ke,careers,Kenya tech company advertising engineering roles via careers inbox.,<50,LinkedIn,Software Engineer
126,TechGetAfrica,"Nairobi, Kenya",Kenya,https://techgetafrica.com/,hello@techgetafrica.com,hello,"Kenya tech training, software delivery (MVP pods), and talent placement company.",~3,LinkedIn,Senior Fullstack Engineer
127,Tezza Business Solutions,"Nairobi, Kenya",Kenya,https://tezzasolutions.com/,info@tezzasolutions.com,info,"IT services firm for software engineering, QA, cybersecurity, and automation.",~58,LinkedIn,Mid Level Springboot Engineer
128,Tunga,"Nairobi, Kenya",Kenya,https://tunga.io,hello@tunga.io,hello,African IT talent matching platform helping companies source software professionals.,<100,LinkedIn,Founding Full-Stack Engineer
129,Twiva,"Nairobi, Kenya",Kenya,https://twiva.com,info@twiva.co.ke,info,Creator and social commerce platform connecting brands with influencers.,11-50,LinkedIn,Software Engineer
130,Umba,"Nairobi, Kenya",Kenya,https://umba.com/,support@umba.com; management@umba.com,support / management,Nairobi-based digital bank/fintech building lending and payments products.,~58,LinkedIn,Senior Backend Engineer
131,Xobriq Technologies Limited,"Nairobi, Kenya",Kenya,,hr@xobriq.com,hr,"Early-stage cybersecurity, AI, and payments technology company.",<30,LinkedIn,Software Engineer
132,Zurion Technologies,"Mombasa, Mombasa County, Kenya",Kenya,https://zuriontech.com,jobs@zuriontech.com,hiring / jobs inbox,Mombasa software firm hiring Java web developers for API & SOAP/REST integrations.,2-10,LinkedIn,Java Web Developer (API & SOAP/REST Integrations)
133,Afrihood Development Company,"Lagos, Nigeria",Nigeria,https://afrihood.com,hello@afrihood.com; hr@afrihood.com,hello / hr,Real-estate and infrastructure PropTech startup building marketplace and product platforms.,~4,LinkedIn,Full Stack Developer
134,AMD Solutions 007,"Abuja, Nigeria",Nigeria,https://www.amdsolutions007.com,info@amdsolutions007.com; hello@amdsolutions007.com,info / hello,Nigerian AI/automation and custom software agency.,1-20,LinkedIn,Software Developer
135,Aqqute Labs,"Port Harcourt, Nigeria",Nigeria,https://aqqute.com,hi@aqqute.com,general,"Port Harcourt digital agency for websites, apps, and digital storytelling.",~5,LinkedIn,Dynamic Generalist
136,Awari App / Lost in a City,"Lagos, Nigeria",Nigeria,https://linktr.ee/kkls.awari,info@awariapp.com; info@lostinlagos.com,info,"Lifestyle discovery app for businesses, events, and city experiences in Lagos/Abuja.",~13,Indeed,Mobile App Developer
137,Awarri,"Lagos, Nigeria",Nigeria,https://awarri.com,info@awarri.com,info,"AI company building multilingual African LLMs, data platforms, and robotics education products.",20-60,Indeed,Senior Frontend Developer
138,Bakkaz Information and Technology Ltd,"Lagos, Nigeria",Nigeria,https://bakkaz.com,info@bakkaz.com,info,Software and digital product studio building platforms alongside trading/investment arms.,5-20,Indeed,"Web Developer (ReactJs, NextJs, TypeScript)"
139,Belema Financial Technology,"Port Harcourt / Lagos, Nigeria",Nigeria,https://belemafintech.com,info@belemafintech.com,info,"Fintech providing payments, POS agency banking, switching/processing, and merchant services.",20-80,Indeed,Mobile Developer (Flutter)
140,Bema Integrated Services,"Lagos, Nigeria",Nigeria,,bemamarketing@bemamusic.com,marketing / hiring,Organization building software products around Christian music ministry and digital platforms.,5-30,LinkedIn,Wordpress AND MERN Full Stack Developer
141,Big Field Digital,"Ibadan, Nigeria",Nigeria,https://www.bigfielddigital.com,info@bigfielddigital.com,info,"Ibadan digital agency for mobile apps, web development, and digital marketing.",~5,LinkedIn,Web Developer
142,Bincom Dev Center,"Lagos, Nigeria",Nigeria,https://bincomdevcenter.com,bincomdevcenter@bincom.net,careers / training,ICT solutions and developer training center delivering web and mobile client projects.,~12,Indeed,Trainee Mobile App Developer
143,Boxvibe,"Port Harcourt, Nigeria",Nigeria,https://www.boxvibe.com,info@boxvibe.com,info,"Port Harcourt web design, software, and SEO agency.",1-10,Indeed,Web Designer
144,Brela Agency,"Port Harcourt, Nigeria",Nigeria,https://brela.agency,hello@brela.agency,hello,"Port Harcourt WordPress and digital agency for web, SEO, and software.",~5,LinkedIn,Web Developer
145,ByteWorks Technology Solutions,"Abuja, Nigeria",Nigeria,https://byteworks.com.ng,info@byteworks.com.ng,info,Software development company focused on revenue automation and enterprise engineering.,30-50,Indeed,Full Stack Software Developer (Java)
146,Centralelite Services,"Lagos, Nigeria",Nigeria,,centralelitedigitals@gmail.com,staffing partner,Tech/recruitment partner posting frontend and backend software engineer roles.,<50,Indeed,Frontend Software Engineer
147,Charis Blueweb Ltd®,"Ibadan, Oyo State, Nigeria",Nigeria,https://charisblueweb.com,info@charisblueweb.com,info / contact,Charis Blueweb Ltd® proudly holds the #1 Top Rated position for web ...,11-50,LinkedIn,React Developer
148,CircleHQ Company,"Lagos, Nigeria",Nigeria,https://circlehqcompany.com,circlehqcompany@gmail.com,founder,"Small AI automation company building custom AI systems, chatbots, and ops tools for businesses.",~5,LinkedIn,Backend Developer
149,Cloud Technology Hub,"Abuja, Nigeria",Nigeria,https://cloudtechnologyhub.com,info@cloudtechnologyhub.com; careers@cloudtechnologyhub.com,info / careers,Nigerian software/tech hub hiring backend engineers.,11-50,Indeed,Senior Backend Engineer
150,Crown Interactive,"Lagos, Lagos State, Nigeria",Nigeria,https://www.crowninteractive.com,info@crowninteractive.com,info / contact,Digital agency hiring web/software developers.,51-100,LinkedIn,Content Marketing Associate at Crown Interactive
151,Dantown,"Port Harcourt, Nigeria",Nigeria,https://godantown.com,info@godantown.com; support@godantown.com,info / support,Port Harcourt fintech/software startup hiring backend developers.,~32,Indeed,Backend Developer
152,EasyWin Lotto Ltd,"Lagos, Nigeria",Nigeria,https://easywin.ng,chinedu@easywin.ng,engineering contact,"Online sports betting, lotto, and casino platform hiring frontend/mobile engineers.",20-60,Indeed,Frontend Developer (Vue.js / React Native)
153,eHealth4everyone,"Abuja, Nigeria",Nigeria,https://ehealth4everyone.com,info@ehealth4everyone.com; recruitment@e4email.net,info / recruitment,"Digital health software enterprise building EMR, DHIS2, dashboards, and health data platforms.",~58,Indeed,Javascript Backend Developer (Node.JS)
154,Elonatech Nigeria Limited,"Lagos, Nigeria",Nigeria,https://elonatech.com.ng,info@elonatech.com.ng,info,"IT solutions company providing web development, digital services, and tech sales/support.",10-40,Indeed,Full Stack Software Developer
155,Escrow-Tech,"Lagos / Abuja, Nigeria",Nigeria,https://escrow-tech.co.uk,HR.Nigeria@escrow-tech.co.uk,hr,Building Carbon-Adjust clearing platform for real-time energy capacity and IoT load matching.,<50,LinkedIn,Senior Backend Engineer
156,Estility,"Lagos, Nigeria",Nigeria,https://estility.co,hr@estility.co; ceo@estility.co; support@estility.co,hr / ceo,Convenience and home-services platform connecting users with essential delivery and services.,<50,LinkedIn,Senior Software Engineer
157,Flux Creative Technologies,"Lagos, Nigeria",Nigeria,https://fluxcreativetech.com,info@fluxcreativetech.com; daisy@fluxcreativetech.com,info / hr,Product and engineering agency building web/mobile apps and AI systems for African founders.,5-20,LinkedIn,Product Manager (Internship)
158,FMC AGENCY LTD,"Lagos State, Nigeria",Nigeria,https://www.thefmcagency.com,info@thefmcagency.com,info / contact,Digital agency hiring web/software developers.,51-100,LinkedIn,Digital Marketing Manager
159,INFINION Technologies,"Lagos, Nigeria",Nigeria,https://infinion.co,info@infinion.co; sales@infinion.co,info / sales,"Digital transformation firm offering custom software, cloud, DevOps, AI, and Microsoft solutions.",40-80,Indeed,Mobile Developer
160,InfoWARE Limited,"Lagos, Nigeria",Nigeria,https://infowarelimited.com,support@infowarelimited.com,support,Financial markets software company providing trading and business solutions for African institutions.,11-20,Indeed,Software Developer — Mobile Applications
161,Koloxo West Africa,"Lagos, Nigeria",Nigeria,https://koloxo.com,koloxo@koloxo.com,general,"Operates AI92, an AI-driven marketing automation and customer-engagement platform.",5-25,Indeed,Mobile App Developer
162,Korapay (Kora),"Lagos, Nigeria",Nigeria,https://www.korahq.com,support@korapay.com,support,Payment infrastructure for Africa offering plug-and-play payment solutions (verify headcount).,verify <100,LinkedIn,Senior Full-Stack Engineer
163,KTREX,"Abuja, Nigeria",Nigeria,https://ktrex.com.ng,info@ktrex.com.ng; hello@ktrex.com.ng,info / hello,Abuja digital agency for web and software services.,1-20,Indeed,Web Developer
164,Loctech Nigeria Limited,"Port Harcourt, Nigeria",Nigeria,https://loctech.com,info@loctechng.com,info,Port Harcourt tech training and software firm.,11-50,Indeed,Fullstack Web Developer
165,Lorgarithm,"Lagos, Nigeria",Nigeria,https://www.lorgarithm.com,lorgarithminfo@gmail.com,info,Vetted talentbank SaaS product hiring NestJS/Next.js full-stack engineers.,~3,Indeed,Full Stack Engineer
166,Luster Marketing Agency,"Lagos, Nigeria",Nigeria,,contact@lustermarketing.com,contact,Digital marketing agency helping brands scale online presence with content and campaigns.,5-20,Indeed,Digital Marketing Associate
167,MIST Digital Agency,"Lagos, Nigeria",Nigeria,https://mist.com.ng,info@mist.com.ng; hello@mist.com.ng; hr@mist.com.ng,info / hello / hr,"Small web design, development, SEO, and digital marketing agency.",~3,Indeed,Social Media & Digital Marketing Intern
168,NeoMinds Edutech Ltd,"Abuja, Nigeria",Nigeria,https://neominds.ng,info@neominds.ng; careers@neominds.ng,info / careers,Nigerian edtech/software company.,1-20,Indeed,UI/UX Design Intern
169,NomJet,Lagos (remote) / UK ops,Nigeria,https://nomjet.co.uk,info@nomjet.co.uk,info,Food technology company building a social food-commerce platform (hiring remote Nigeria engineers).,~3,LinkedIn,Senior Software Engineer (AI & Mobile)
170,Odixcity Consulting,"Abuja, Nigeria",Nigeria,https://odixcity.com,info@odixcity.com; careers@odixcity.com,info / careers,Abuja tech consultancy posting JavaScript/MERN developer roles (also lists Senegal).,1-50,Indeed,JavaScript Developer
171,Paramount Web,"Abuja, Nigeria",Nigeria,https://paramountweb.com,info@paramountweb.com,info,"Nigerian web design company serving Abuja, Port Harcourt, and Lagos since 2008.",1-20,Indeed,Web Designer
172,Punch Group,"Lagos, Nigeria",Nigeria,https://punch.cool,start@punch.cool; start@punch-agency.com,founder / new business,AI and software engineering digital agency building production web and AI products.,~95,LinkedIn,Full Stack Web Developer
173,PureWeb Technologies,"Abuja, Nigeria",Nigeria,https://pureweb360.com,info@pureweb360.com; sales@pureweb360.com,info / sales,Abuja web and software solutions company.,11-50,Indeed,Web Developer
174,Riby,"Lagos, Nigeria",Nigeria,https://www.riby.ng,info@riby.me; sales@riby.ng; careers@riby.me,info / sales / careers,"Fintech SaaS for cooperatives: thrift, loans, savings, and co-banking management software.",~14,Indeed,Android Developer
175,ROB Technologies,"Abuja, Nigeria",Nigeria,https://robtechnologies.com,info@robtechnologies.com; hello@robtechnologies.com,info / hello,Nigerian software firm posting backend developer roles.,1-50,Indeed,Backend Developer
176,SilvaCreate,"Port Harcourt, Nigeria",Nigeria,https://silvacreate.com,david@silvacreate.com,founder / CTO,Port Harcourt web design and digital marketing agency.,1-20,Indeed,Web Designer
177,SMARTROB Technologies,"Lagos, Nigeria",Nigeria,https://smartrobtech.com,info@smartrobtech.com,info,Web and software development agency specializing in fintech/payment apps and digital products.,~4,Indeed,Mobile App Developer
178,Snaarp,"Lagos, Nigeria",Nigeria,https://snaarp.com,hr@snaarp.com,hr,Cybersecurity and cloud productivity SaaS for securing and collaborating on business data.,10-40,Indeed,Full-Stack Developer
179,Snapnet Solutions Limited,"Lagos, Nigeria",Nigeria,https://www.snapnetsolutions.com,info@snapnetsolutions.com,info,"ERP, cloud, analytics, security, and custom software development / managed IT services.",~56,Indeed,Node Js Backend Engineer
180,Squareme,"Lagos, Nigeria",Nigeria,https://squareme.app,hi@squareme.app,general,Fintech building P2P payments via phone numbers and B2B payment platform FundR.,~24,LinkedIn,Backend Engineer
181,Tezza Business Solutions Ltd,"Lagos, Lagos State, Nigeria",Nigeria,https://tezzasolutions.com/,info@tezzasolutions.com,info / contact,“Tezza”(te-zza) from the Italian word “C...,51-100,LinkedIn,Full Stack Developer (MERN)
182,Glophics Web Design and Advertising Inc.,"Cebu City, Central Visayas, Philippines",Philippines,https://www.glophics.com.ph,glophicswebdesign@gmail.com,contact / careers,Cebu full-service web design and advertising agency hiring front-end and backend web developers.,11-50,Indeed,Front-End Web Developer
183,"Infomax Systems Solutions and Services, Inc.","Makati, National Capital Region, Philippines",Philippines,https://infomax.com.ph,infomax.marketing@gmail.com; inquiry@infomax.com.ph; rose.cabrejas@infomax.com.ph,public inbox,"A WORLD-CLASS IT SOLUTIONS PROVIDER WITH OVER 20 YEARS OF EXPERIENCE Our company, Infomax Sys...",11-50,LinkedIn,Outsystems Developer
184,Propelrr,"Manila, National Capital Region, Philippines",Philippines,https://propelrr.com,hello@propelrr.com; careers@propelrr.com,hello / general,Healthtech / digital health software company hiring engineers.,11-50,LinkedIn,Frontend Developer
185,SVEN - The Digital 1st Agency,"Quezon City, National Capital Region, Philippines",Philippines,https://www.svengroup.com,refresh@svengroup.com,public inbox,Digital agency hiring web/software developers.,51-100,LinkedIn,Sr. Web Developer
186,"Weave Solutions, Inc.","Manila, National Capital Region, Philippines",Philippines,https://weave-solutions.com/,hello@weave-solutions.com; contact@mysite.com,hello / general,Hire faster. Spend less. Run a better team offshore. | WEAVE Solutions Inc. is a company established ...,51-100,LinkedIn,Power Platform Developer
187,Ably Digital,"Singapore, Singapore",Singapore,https://ablydigital.com/,info@ablydigital.com,info / contact,Digital agency hiring web/software developers.,2-10,LinkedIn,"ServiceNow Developer – CSM, AngularJS & App Engine"
188,Flowmingo AI,Singapore,Singapore,https://flowmingo.ai/?utm_source=LinkedinOrganic,contact@flowmingo.ai,info / contact,Recruiters waste hours on repetitive screening calls. F...,11-50,LinkedIn,UI/UX Engineer
189,Red Dot AI,Singapore,Singapore,https://www.rda.ai/,contact@rda.ai,info / contact,RED DOT AI is a Singapore-based AI infrastructure company building the intelligence layer for the next generation of data centres an...,11-50,LinkedIn,Full Stack Engineer / Software Engineer
190,AdMakers International,"Cape Town, Western Cape, South Africa",South Africa,https://www.admakers.com/,info@admakers.com; duan@admakers.com,info / contact,Healthtech / digital health software company hiring engineers.,11-50,LinkedIn,Junior Front-End Web Developer (React / Next.js)
191,Affiliate.co.za,"Johannesburg, South Africa",South Africa,https://affiliate.co.za,info@affiliate.co.za,founders,Small SA affiliate-network / advertising-tech company with in-house development.,<25,Indeed,JUNIOR / MID FULL STACK DEVELOPER
192,Blue Bean Software,"Johannesburg, South Africa",South Africa,https://bluebeansoftware.com,info@bluebeansoftware.com,engineering leadership,Custom enterprise software and cloud product engineering company.,<100,Indeed,Junior Software Engineer
193,CyberPro Consulting,"Cape Town, South Africa",South Africa,https://www.cpconsulting.co.za,information@cpconsulting.co.za,delivery,"Software, data and digital consulting / staff-augmentation firm.",<100,Indeed,C# Developer
194,Digital Silk - Growing Brands Online,South Africa,South Africa,https://www.digitalsilk.com/,info@digitalsilk.com,info / contact,Digital agency hiring web/software developers.,51-100,LinkedIn,Digital Strategist
195,DotActiv,"Cape Town, South Africa",South Africa,https://dotactiv.com,info@dotactiv.com,info,Category-management SaaS for retailers and suppliers.,~73,Indeed,Junior C# Software Developer
196,EDRx,South Africa (Remote),South Africa,https://emergencymedicine.co.za,sandler@emergencymedicine.co.za,hiring manager,Small healthcare software team building emergency medicine tools.,1-10,Indeed,Junior Software Developer
197,Electrum Software,"Cape Town, South Africa",South Africa,https://www.electrumsoftware.com,hello@electrum.co.za; support@electrum.co.za,hiring / engineering,Cape Town payments software product company (cloud-native clearing/VAS).,<100,Indeed,Junior React Software Engineer
198,Elenjical Solutions,"Gauteng, South Africa",South Africa,https://www.elenjicalsolutions.com,info@elenjicalsolutions.com,info / contact,Software company / tech team hiring developers (sourced via LinkedIn Jobs).,51-100,LinkedIn,Senior Developer
199,Everest Systems,"City of Cape Town, Western Cape, South Africa",South Africa,https://www.everest-systems.com,info@everest-systems.com; menu-texture@2x.webp,info / contact,"Everest is an AI-native ERP built for change. Modern businesses don’t stand still. Pricing models evolve, revenue becomes m...",51-100,LinkedIn,Rust Developer
200,INTX Insurance Software,"Johannesburg, South Africa",South Africa,https://intx.com,info@intx.com,engineering managers,Reinsurance/insurance operating-system product company with Johannesburg engineering.,<100,Indeed,Junior Full Stack Developer
201,Mars Technologies,"Cape Town, South Africa",South Africa,https://marstech.co.za,support@marstech.co.za; sales@marstech.co.za,sales / support,Growing Managed Service Provider hiring graduate software developers.,<100,Indeed,Graduate Software Developer
202,Olarm,"Cape Town, Western Cape, South Africa",South Africa,https://olarm.com,support@olarm.com,support / ops,Mobile app studio or product company hiring mobile engineers.,51-100,LinkedIn,Mobile App Lead
203,Orion Labs,"Cape Town, Western Cape, South Africa",South Africa,https://orionlabs.co.za/,info@orionlabs.co.za,info / contact,"We build reliable software and scalable infrastructure that drives results. We partner with teams to ship faster, scale smarter, a...",2-10,LinkedIn,Full Stack Developer
204,redPanda Development Services,"Cape Town, Western Cape, South Africa",South Africa,https://www.redpandadev.com,hello@redpandadev.com,hello / general,At redPanda Development Services we redefine the possibilities of enterprise bespoke software dev...,51-100,LinkedIn,Fullstack Software Engineer (REACT & C#)
205,Sendmarc,"Johannesburg, South Africa",South Africa,https://sendmarc.com,info@sendmarc.com,product engineering,Email authentication / DMARC security SaaS.,~87,Indeed,Full Stack Engineer
206,Sharenet,"Cape Town, South Africa",South Africa,https://www.sharenet.co.za,course@sharenet.co.za,tech / product,JSE market-data and investor-tools software company hiring web developers.,<100,Indeed,Web Developer
207,SideKwest,"Cape Town, Western Cape, South Africa",South Africa,https://www.sidekwest.co.za,hello@sidekwest.co.za; hello@sidekwest.co.za\,hello / general,"We turn complex business challenges into reliable, scalable custom software that actually works the way your team does. At Sidekwest, we’re a...",2-10,LinkedIn,Full Stack Software Consultant
208,SiteCare,"Cape Town, Western Cape, South Africa",South Africa,https://sitecare.com/,hello@sitecare.com,hello / general,WordPress / web development company or agency hiring CMS and custom web developers.,11-50,LinkedIn,Senior SEO Strategist
209,Spriggabyte,"Cape Town, South Africa",South Africa,https://spriggabyte.co.za,guy@spriggabyte.co.za,founder,Small Cape Town Drupal/Laravel/WordPress agency founded 2021.,<10,Indeed,Junior Web Developer Internship (PHP/Drupal)
210,Stanchion Payment Solutions,"Cape Town, South Africa",South Africa,https://www.stanchionpayments.com,privacy@stanchionpayments.com,engineering,Payments integration and switch software company.,~77,Indeed,Java Software Engineer
211,Talent Sam,"Johannesburg / Cape Town, South Africa",South Africa,https://www.talentsam.com,support@talentsam.com,ops / engineering,SA remote-talent / outsourcing firm building internal web apps.,<100,Indeed,Full Stack Developer
212,V8 Media,"Randburg, Gauteng, South Africa",South Africa,https://www.v8media.co.za,hiring@v8media.co.za; queries@v8media.co.za,public inbox,Shopify / ecommerce software or agency team hiring for storefront and commerce engineering.,11-50,LinkedIn,Shopify / CRO Web Developer
213,83zero,"Cardiff, Wales, United Kingdom",United Kingdom,https://www.83zero.com,info@83zero.com; info@83zero.com\; u003einfo@83zero.com,info / contact,Digital agency hiring web/software developers.,11-50,LinkedIn,Javascript Developer
214,Angel Solutions,"Liverpool, England, United Kingdom",United Kingdom,https://www.angelsolutions.co.uk/,jobs@angelsolutions.co.uk,careers / talent,We’re here to help leaders in education w...,11-50,LinkedIn,Junior Front-End Developer
215,ASquared,"Brighton, UK",United Kingdom,https://asquared.uk,ideas@asquared.uk,general,B Corp digital product agency in Brighton/Bristol building React and React Native apps.,~12,LinkedIn,Digital Product Manager
216,Atomic Smash,"Bristol, UK",United Kingdom,https://www.atomicsmash.co.uk,mail@atomicsmash.co.uk; david.darke@atomicsmash.co.uk,founder,Bristol WordPress/WooCommerce B Corp agency with an active jobs page.,10-12,LinkedIn,Web Developer
217,AWTG,"London, UK",United Kingdom,https://awtg.co.uk,enquiries@awtg.co.uk,engineering manager,London tech/telecoms software company hiring PHP and backend developers.,<100,Indeed,PHP Developer
218,Beebot AI,"Sale / Manchester, UK",United Kingdom,https://beebotai.com,info@beebotai.com,founders,AI automation SaaS for local government and councils.,~14,Indeed,Website Developer
219,Bespoke Digital Agency,"Chorley / Manchester, UK",United Kingdom,https://bespokedigital.agency,hello@bespokedigital.agency,CEO,"B2B lead-gen web design and digital marketing agency at Strawberry Fields, Chorley.",12-15,Indeed,Web Developer
220,Better Placed Ltd - A Sunday Times Top 10 Employer!,"Manchester Area, United Kingdom",United Kingdom,https://www.betterplaced.com,info@betterplaced.com; %20info@betterplaced.com,info / contact,Shopify / ecommerce software or agency team hiring for storefront and commerce engineering.,11-50,LinkedIn,Full Stack Engineer
221,Blu Digital,"East Sussex, England, United Kingdom",United Kingdom,https://www.blu-digital.co.uk,info@blu-digital.co.uk,info / contact,Digital agency hiring web/software developers.,11-50,LinkedIn,Online Merchandiser - Retail - Up to £40k
222,Bolland & Co,"Manchester, UK",United Kingdom,https://www.bolland.co,info@bolland.co,managing director,Manchester digital transformation consultancy building self-service apps and CMS sites.,<50,LinkedIn,PHP WordPress / Craft Developer
223,Bolser,Leeds / Remote UK,United Kingdom,https://bolser.co.uk,info@bolser.co.uk; dominic@bolser.co.uk; jobs@bolser.co.uk,CEO / MD,Leeds digital agency delivering React/Node and headless CMS work for major brands.,<100,LinkedIn,Front End Developer
224,Brio Digital,Greater Leeds Area,United Kingdom,https://www.briodigital.io,info@briodigital.io; dom@briodigital.io,info / contact,Digital agency hiring web/software developers.,2-10,LinkedIn,Technical Lead
225,Cake Agency,"Birmingham, UK",United Kingdom,https://www.cake.agency,hello@cake.agency,agency leadership,Shopify Premier Partner ecommerce agency in Birmingham Jewellery Quarter.,~21,Indeed,Digital Designer
226,CDL Software,"Stockport / Manchester, UK",United Kingdom,https://www.cdl.co.uk,hremail@cdl.co.uk,HR / engineering,Insurance/finance software house in Stockport hiring Java/DevOps engineers.,<100,Indeed,Intermediate Software Engineer – Java
227,Chameleon Web Services,"Birmingham, UK",United Kingdom,https://www.chameleon.co.uk,hello@chameleon.co.uk,agency director,"Birmingham web design, WordPress and digital marketing agency.",~15,Indeed,Full Stack Web Developer
228,CHH,"Birmingham, England, United Kingdom",United Kingdom,https://www.chhconex.com,enquiry@chhconex.com,info / contact,Mobile app studio or product company hiring mobile engineers.,51-100,LinkedIn,Android Developer
229,Codiance,"Cardiff, Wales, United Kingdom",United Kingdom,https://codiance.com,contact@codiance.com,info / contact,Digital agency hiring web/software developers.,11-50,LinkedIn,Software Engineer
230,COHO,Worcester / Remote UK,United Kingdom,https://coho.life,team@coho.life,founders,Proptech SaaS for HMO/coliving property management.,~12,Indeed,Front End Designer
231,Conker Communications,"Manchester, UK",United Kingdom,https://conkercommunications.com,hello@conkercommunications.com,general,Small integrated marketing and digital communications agency in Didsbury.,1-20,LinkedIn,Digital Account Manager
232,Copello Global,"Glasgow, Scotland, United Kingdom",United Kingdom,https://www.copello.co.uk,info@copello.co.uk,info / contact,"Unlock the Power of Talent with Copello. At Copello, we specialise in connecting exceptional talent with industry-leading organis...",11-50,LinkedIn,Senior Software Engineer
233,Cranberry Panda,"Greater Bristol Area, United Kingdom",United Kingdom,https://www.cranberrypanda.co.uk,yasha@cranberrypanda.co.uk; rosy@cranberrypanda.co.uk; jade@cranberrypanda.co.uk,public inbox,Shopify / ecommerce software or agency team hiring for storefront and commerce engineering.,11-50,LinkedIn,Senior Developer
234,Creatify,"Glasgow, Scotland, United Kingdom",United Kingdom,https://www.creatifydigital.com,info@creatifydigital.com,info / contact,Digital agency hiring web/software developers.,2-10,LinkedIn,Client Growth Executive
235,Ctrl Alt,Belfast Metropolitan Area,United Kingdom,https://www.ctrl-alt.co/,info@ctrl-alt.co; james.smith@acme.co,info / contact,Digital agency hiring web/software developers.,51-100,LinkedIn,Software Engineer
236,Daysix,"Edinburgh, Scotland, United Kingdom",United Kingdom,https://daysix.co,hello@daysix.co,hello / general,Digital agency hiring web/software developers.,11-50,LinkedIn,Senior Product Engineer
237,Digiryte,"Manchester, UK",United Kingdom,https://digiryte.com,hello@digiryte.com,general,Manchester software development and digital product company for startups and enterprises.,21-50,LinkedIn,Software Developer
238,"Digital Tonic | Digital, eCommerce & Marketing Recruitment","Greater Bristol Area, United Kingdom",United Kingdom,https://digital-tonic.co/,ewan@digital-tonic.co; stacey@digital-tonic.co,public inbox,Shopify / ecommerce software or agency team hiring for storefront and commerce engineering.,2-10,LinkedIn,Paid Media Manager
239,Digital Waffle,"Manchester Area, United Kingdom",United Kingdom,https://www.digitalwaffle.co/,hello@digitalwaffle.co,hello / general,Digital agency hiring web/software developers.,11-50,LinkedIn,Full Stack Engineer
240,Earthstorm Media Ltd.,"Bournemouth, England, United Kingdom",United Kingdom,https://www.earthstormmedia.com,clientservices@earthstormmedia.com,public inbox,WordPress / web development company or agency hiring CMS and custom web developers.,2-10,LinkedIn,Full Stack Developer
241,Enovate Design,Chelmsford / Remote UK,United Kingdom,https://www.enovate.co.uk,hello@enovate.co.uk,CEO,"Small Craft CMS and Laravel/Node digital agency, largely remote.",~8,Indeed,Digital agency developer
242,Executive Integrity | B Corp®,"City Of Bristol, England, United Kingdom",United Kingdom,https://www.executive-integrity.com,info@executive-integrity.com,info / contact,Digital agency hiring web/software developers.,11-50,LinkedIn,Application Support Developer
243,Fast Web Media,"Manchester, UK",United Kingdom,https://fastwebmedia.com,hello@fastwebmedia.com,CEO,"Manchester digital agency focused on search, technical development and digital.",11-50,Indeed,Web Developer
244,Fifteen Ten,"Bristol, UK",United Kingdom,https://fifteenten.co.uk,info@fifteenten.co.uk,general,Bristol creative digital agency hiring designers for brand and digital work.,1-20,LinkedIn,Graphic Designer
245,Gecko Agency,"Edinburgh, UK",United Kingdom,https://www.wearegecko.co.uk,hello@wearegecko.co.uk,new business,Edinburgh Umbraco/.NET digital agency building websites for UK clients.,11-50,LinkedIn,Full Stack Web Developer
246,Gibe Digital,Bristol / Remote UK,United Kingdom,https://gibe.digital,hello@gibedigital.com,co-owners,Technically led ecommerce and CMS agency building heavier software-side sites.,~14,Indeed,Senior Developer
247,Indiespring,"Manchester, UK",United Kingdom,https://indiespring.com,hello@indiespring.com,MD,Manchester mobile development agency focused on brownfield app maintain/evolve/rebuild.,11-50,Indeed,Mobile developer
248,Informed Solutions,"Altrincham, England, United Kingdom",United Kingdom,https://www.informed.com,contactus@informed.com,public inbox,Healthtech / digital health software company hiring engineers.,51-100,LinkedIn,People Development & Experience Lead
249,Jones and Palmer,"Birmingham, UK",United Kingdom,https://www.jonesandpalmer.co.uk,hello@jonesandpalmer.co.uk,head of software,Birmingham corporate communications agency with Umbraco/C# product engineering.,~51,LinkedIn,Umbraco Full Stack Developer
250,Just Chill,Manchester / Remote UK,United Kingdom,https://www.justchillsocial.com,hello@justchillsocial.com,agency director,B2B digital marketing agency for industrial/construction clients; WordPress & Webflow.,<50,LinkedIn,Web Developer (WordPress & Webflow)
251,KAIKAKU,"London, UK",United Kingdom,https://kaikaku.ai,hello@kaikaku.ai,founders,London robotics startup automating restaurant kitchens.,~33,LinkedIn,Software Engineer
252,Kalexiko,"Birmingham, UK",United Kingdom,https://www.kalexiko.com,studio@kalexiko.com,studio / technical director,Birmingham digital agency building LAMP/Laravel web apps and sites.,<50,Indeed,Web Developer
253,Klicco Media,"Hammersmith, England, United Kingdom",United Kingdom,https://www.klicco.co.uk,hello@klicco.co.uk; you@practice.com,hello / general,Healthtech / digital health software company hiring engineers.,2-10,LinkedIn,Frontend Developer
254,Kubix,"Birmingham, England, United Kingdom",United Kingdom,https://kubixmedia.co.uk,info@kubixmedia.co.uk,info / contact,"Shopify Platinum Partner digital agency in Birmingham hiring for CRM, paid media, and ecommerce growth roles.",11-50,LinkedIn,CRM Specialist (Klaviyo)
255,Latent Labs,"London, England, United Kingdom",United Kingdom,https://www.latentlabs.com/,contact@latentlabs.com,info / contact,Healthtech / digital health software company hiring engineers.,11-50,LinkedIn,Communications & Marketing Lead
256,Longshot Systems,"London, UK",United Kingdom,https://longshotsystems.co.uk,david@longshotsystems.co.uk,co-founder,Sports betting analytics and trading technology company.,~22,Indeed,Software Engineer
257,Manchester Digital,"Manchester, England, United Kingdom",United Kingdom,https://www.manchesterdigital.com,info@manchesterdigital.com,info / contact,Mobile app studio or product company hiring mobile engineers.,11-50,LinkedIn,iOS/Android Mid & Senior Developers - Government Digital Service - G7
258,MediaBlanket,"Manchester, UK",United Kingdom,https://www.mediablanket.co.uk,hello@mediablanket.co.uk; partners@mediablanket.co.uk,studio lead,Consumer credit lead-gen tech company hiring frontend developers.,<50,Indeed,Frontend Developer
259,Navari Group,"Altrincham / Manchester, UK",United Kingdom,https://navari.co.uk,info@navari.co.uk; hello@navari-group.com,CTO,Greater Manchester software firm building Laravel web systems for care-sector and utilities.,<50,Indeed,Web Developer
260,Oblige IT,"Bolton / Manchester, UK",United Kingdom,https://obligeit.co.uk,sales@obligeit.co.uk,directors,Small Dynamics 365 / Microsoft partner consultancy hiring web developers.,<50,Indeed,Web Developer
261,OH Digital,"Manchester, UK",United Kingdom,https://oh.digital,jobs@ohdigital.co.uk,careers,"Developer-run Manchester web agency focused on PHP, Laravel and WordPress.",1-10,LinkedIn,PHP Web Developer
262,Oneiro Solutions,"City Of Edinburgh, Scotland, United Kingdom",United Kingdom,https://www.oneirosolutions.com,info@oneirosolutions.com; info@oneirosolutions.com\,info / contact,"Our platform is designed to streamline and modernise loan management, DLX replaces outdated, manual processes w...",11-50,LinkedIn,Product Design Engineer
263,Pixel Kicks,"Manchester, UK",United Kingdom,https://pixelkicks.co.uk,info@pixelkicks.co.uk,general,"Manchester full-service digital agency specialising in Shopify, WordPress and Webflow.",11-21,LinkedIn,Frontend Developer
264,Prism Digital,United Kingdom,United Kingdom,https://www.prism-digital.com,alex@prism-digital.com; lauren.millane@prism-digital.com; jemima.allison@prism-digital.com,public inbox,Digital agency hiring web/software developers.,11-50,LinkedIn,Web Developer
265,Proctor + Stevenson,"Bristol, UK",United Kingdom,https://proctorsgroup.com,marketing@proctorsgroup.com; recruitment@proctors.co.uk,recruitment,Bristol B2B creative and digital agency hiring Webflow and digital design talent.,~43,LinkedIn,Webflow Developer
266,Reason8 Marketing,"Hinckley / Midlands, UK",United Kingdom,https://reason8agency.co.uk,hello@reason8agency.co.uk; tom@reason8agency.co.uk,founder,Boutique B2B web design and SEO agency for owner-led businesses.,2-10,Indeed,Senior Web Designer & Developer
267,Recourse AI,"Manchester Area, United Kingdom",United Kingdom,https://recourseai.com,jobs@recourseai.com,careers / talent,Healthtech / digital health software company hiring engineers.,11-50,LinkedIn,Full Stack Engineer
268,Rejuvenate Digital,"Leeds, UK",United Kingdom,https://rejuvenate.digital,studio@rejuvenate.digital,studio,"Leeds full-service digital agency for web, app, video and digital marketing.",6-18,Indeed,WordPress Developer - Front end
269,Savasaachi Marketing Agency,"Oldham / Manchester, UK",United Kingdom,https://savasaachi.co.uk,hello@savasaachi.com; info@savasaachi.com,agency director,Full-service digital marketing and web design agency in Greater Manchester.,<50,Indeed,Web Designer
270,Series Eight,"Brighton, UK",United Kingdom,https://serieseight.com,info@serieseight.com,general,"Independent digital agency for brand identity, UI and web for SaaS and ecommerce.",~23,LinkedIn,Brand and Digital Designer
271,Soap Media,"Manchester, UK",United Kingdom,https://soapmedia.co.uk,hello@soapmedia.co.uk,agency leadership,Award-winning digital marketing and performance agency with in-house web development.,~19,Indeed,Front End WordPress Developer
272,SoBold,"London, UK",United Kingdom,https://sobold.co.uk,hello@soboldltd.com,CEO,London Bridge boutique website design and development agency.,<10,Indeed,Junior Front End Developer
273,SOJO,"London, UK",United Kingdom,https://www.sojo.uk,careers@sojo.uk,careers,Clothing repair and circular fashion platform with a small engineering team.,<50,Indeed,Lead Software Engineer / Technical Lead
274,Solve Intelligence,"London, United Kingdom",United Kingdom,https://solveintelligence.com,contact@solveintelligence.com,general,AI patent/IP platform startup hiring full-stack engineers.,11-50,LinkedIn,Full-Stack Engineer (Back-End Leaning)
275,Spydr,"Bristol, England, United Kingdom",United Kingdom,https://spydr.com,team@spydr.com; team@spydr.com\; us-team@spydr.com,public inbox,Digital agency hiring web/software developers.,11-50,LinkedIn,Website Support Engineer
276,Stanhope AI,"London, UK",United Kingdom,https://www.stanhopeai.com,info@stanhopeai.com; press@stanhopeai.com,founders,Deeptech startup applying Active Inference to robotics and embodied autonomous systems.,1-10,LinkedIn,AI Developer – Robotics
277,Studio Cotton,"Bristol, UK",United Kingdom,https://studiocotton.co.uk,hello@studiocotton.co.uk; careers@studiocotton.co.uk,general / careers,Small Bristol web design studio for independent brands and podcasts.,2-10,LinkedIn,Website Designer
278,Suna Health,"London Area, United Kingdom",United Kingdom,https://suna.health,echo@suna.health; echo@suna.health\,public inbox,Healthtech / digital health software company hiring engineers.,2-10,LinkedIn,Founding ML Engineer
279,Syndi App,United Kingdom,United Kingdom,https://www.syndi.co.uk,info@syndi.co.uk,info / contact,Digital agency hiring web/software developers.,2-10,LinkedIn,Founding Engineer
280,Tekton Dynamics,"London, UK",United Kingdom,https://tekton-dynamics.com,contact@tekton-dynamics.com,founders,YC W24 physical-AI startup building control layer for welding robots.,<20,LinkedIn,Founding Engineer
281,Unbranded Digital,"Bradford, England, United Kingdom",United Kingdom,https://unbranded.digital,hello@unbranded.digital,hello / general,Digital agency hiring web/software developers.,2-10,LinkedIn,SEO Executive
282,We Are Adam,"Manchester, England, United Kingdom",United Kingdom,https://www.weareadam.com,hello@weareadam.com; hello@weareadam.com\; u003ehello@weareadam.com,hello / general,Digital agency hiring web/software developers.,11-50,LinkedIn,Digital Coordinator
283,Wealth Club,"Bristol, England, United Kingdom",United Kingdom,https://www.wealthclub.co.uk/,enquiries@wealthclub.co.uk,info / contact,Digital agency hiring web/software developers.,11-50,LinkedIn,Digital Marketing Executive
284,WeComm,"Leeds, England, United Kingdom",United Kingdom,https://www.wecomm.co.uk,info@wecomm.co.uk,info / contact,Shopify / ecommerce software or agency team hiring for storefront and commerce engineering.,11-50,LinkedIn,Ecommerce Manager
285,Wide Angle Software Ltd,"Stafford, England, United Kingdom",United Kingdom,https://www.wideanglesoftware.com/,help@paddle.com,public inbox,WordPress / web development company or agency hiring CMS and custom web developers.,2-10,LinkedIn,Graduate Web Developer
286,Zealous Agency,"Leeds, England, United Kingdom",United Kingdom,https://www.zealousagency.co.uk,helloleeds@zealousagency.co.uk; hellomanchester@zealousagency.co.uk; hellolondon@zealousagency.co.uk,hello / general,Digital agency hiring web/software developers.,2-10,LinkedIn,Web Developer
287,A3 MERCH,"Nashville, TN",United States,https://a3merch.com,contact@a3merch.com; contact@a3merch.com\,info / contact,Digital agency hiring web/software developers.,11-50,LinkedIn,Staff Accountant
288,Anza Renewables,"Portland, OR",United States,https://www.anzarenewables.com,press@anzarenewables.com,public inbox,Anza is a revolutionary platform that empowers solar and energy storage equipment buyers and developers to use advanced data and technology to see...,51-100,LinkedIn,Senior Software Engineer (Node.js/React)
289,Assistly | Senior Care Software,"Atlanta, GA",United States,https://assistly.care,info@assistly.care; sales@assistly.care,info / contact,Healthtech / digital health software company hiring engineers.,11-50,LinkedIn,Full Stack Engineer – Assistly
290,Bellurbis,"Austin, TX",United States,https://www.bellurbis.com,info@bellurbis.com; fluent_learning-app-20-filled@2x-1.webp; fluent_learning-app-20-filled@2x-1-300x300.webp,info / contact,"For over 15 years, Bellurbis has been a trusted ...",51-100,LinkedIn,Senior Backend Engineer
291,Blue Interactive Agency,"Fort Lauderdale, FL",United States,https://blueinteractiveagency.com,peter.brooke@speaktoblue.com,public inbox,Digital agency hiring web/software developers.,11-50,LinkedIn,Content Manager
292,Broccoli AI,"San Francisco, CA",United States,https://www.broccoli.com/,sales@broccoli.com; sales@broccoli.com\,public inbox,"Broccoli helps home service businesses turn missed calls and lost leads into booked jobs. Our AI employees answer calls, schedule appointments, ...",51-100,LinkedIn,"Software Engineer, Growth"
293,Courier Health,"New York, NY",United States,https://www.courierhealth.com/,sales@courierhealth.com,public inbox,Healthtech / digital health software company hiring engineers.,51-100,LinkedIn,Software Engineer
294,Elastic Ltd,"Austin, TX",United States,https://www.elastic-ltd.com,sean@elastic-ltd.com,public inbox,Mobile app studio or product company hiring mobile engineers.,2-10,LinkedIn,Lead Mobile Engineer
295,Evelyn & Bobbie,"Portland, Oregon Metropolitan Area",United States,https://www.evelynbobbie.com,connect@evelynbobbie.com,public inbox,Digital agency hiring web/software developers.,11-50,LinkedIn,Digital Designer
296,Foundation Health,"Orlando, FL",United States,https://www.foundationhealth.com,contactus@foundationhealth.com; contactus@foundationhealth.com\,public inbox,Healthtech / digital health software company hiring engineers.,11-50,LinkedIn,Software Engineer
297,FrontrowMD,"Austin, TX",United States,https://www.frontrowmd.com/,irfan@thefrontrowhealth.com,public inbox,Healthtech / digital health software company hiring engineers.,11-50,LinkedIn,Frontend Solutions Engineer
298,Healia Health,"Columbus, OH",United States,https://healiahealth.com,hello@healiahealth.com; info@healiahealth.com,hello / general,Healthtech / digital health software company hiring engineers.,11-50,LinkedIn,Senior Software Engineer (Full Stack)
299,Injective Labs,"New York County, NY",United States,https://www.injectivelabs.org/,contact@injectivelabs.org,info / contact,Mobile app studio or product company hiring mobile engineers.,51-100,LinkedIn,Mobile App Developer
300,Integra Tech Advisors,New York City Metropolitan Area,United States,https://integra-tech.io/,contact@integra-tech.io,info / contact,Early-stage software startup hiring engineers (LinkedIn Jobs).,2-10,LinkedIn,Senior Software Engineer
301,Inverse Paradox,"Philadelphia, PA",United States,https://inverseparadox.com,wpjobs@inverseparadox.net,WordPress hiring inbox,"Digital agency for web and graphic design for SMBs, hiring WordPress WooCommerce developers.",1-20,Indeed,WordPress WooCommerce Developer
302,IT Motives,"Portland, Oregon Metropolitan Area",United States,https://www.itmotives.com,info@itmotives.com,info / contact,IT Motives is a niche technology recruiting com...,2-10,LinkedIn,Senior Full Stack Engineer
303,myPlace Health,"Long Beach, CA",United States,https://www.myplacehealth.com,hello@myplacehealth.com; hello@myplacehealth.com\; referrals@myplacehealth.com,hello / general,Healthtech / digital health software company hiring engineers.,51-100,LinkedIn,Senior Software Engineer
304,Nadia Care,"Nashville, TN",United States,https://www.nadiacare.com,hello@nadiacare.com; care@nadiacare.com,hello / general,Healthtech / digital health software company hiring engineers.,51-100,LinkedIn,Senior Full-Stack Engineer
305,Prophetic,"Portland, OR",United States,https://www.propheticsoftware.ai,trev@tntdsgn.com,public inbox,Prophetic is the AI-native land acquisition platform for homebuilders and real estate developers. We h...,11-50,LinkedIn,Full Stack Software Engineer (Mid-Sr.)
306,Prosper Health,"New York, NY",United States,https://www.prosperhealth.io,help@prosperhealth.io,public inbox,Healthtech / digital health software company hiring engineers.,11-50,LinkedIn,Senior Product Engineer
307,Scio,"Austin, TX",United States,https://sciodev.com,humancapital@sciodev.com,Human Capital,Nearshore software development partner posting senior .NET MAUI mobile roles on Indeed Austin.,51-100,Indeed,Senior Mobile App Developer (.NET MAUI)
308,Shrive Technologies,"St Louis, MO",United States,https://shrivetechnologies.com/,info@shrivetechnologies.com; eben@eyebytes.com,info / contact,"At Shrive Technologies, we are obsessed with technology. Its power to change everything. Technology fuels our passion and commitment to helping ...",51-100,LinkedIn,Bayer AG
309,SpinSci Technologies LLC,"Dallas, TX",United States,https://spinsci.ai,careers@spinsci.com; support@spinsci.com,careers / talent,Healthtech / digital health software company hiring engineers.,51-100,LinkedIn,Cloud Engineer
310,Tech Ladies®,"New York, United States",United States,https://www.hiretechladies.com,help@hiretechladies.com; sales@hiretechladies.com,public inbox,Women in the technology industry often feel like ...,2-10,LinkedIn,Software Engineer
311,Thrive Mobile,"New York, NY",United States,https://thrivemobile.com/,help@thrivemobile.com; legal@thtcorp.com; help@thrivemobile.com),public inbox,Healthtech / digital health software company hiring engineers.,11-50,LinkedIn,Senior Backend/ Infrastructure Engineer
312,Timberlab,"Portland, OR",United States,https://timberlab.com,estimating@timberlab.com,public inbox,Digital agency hiring web/software developers.,51-100,LinkedIn,Digital Construction Engineer
313,Titan Brands,"Nashville, TN",United States,https://www.titanbrands.com,info@titandistributorsinc.com,info / contact,Healthtech / digital health software company hiring engineers.,51-100,LinkedIn,Paid Media Manager
314,Trinity Technology Solutions LLC,"Ohio, United States",United States,https://www.trinitetech.com,sales@trinitetech.com; sales@trinitetech.com\,public inbox,Shopify / ecommerce software or agency team hiring for storefront and commerce engineering.,11-50,LinkedIn,Shopify Developer
315,Velos Mobile,"San Francisco, CA",United States,https://velosmobile.com,jobs@velosmobile.com; sales@velosmobile.com; inquiries@velosmobile.com,careers / talent,Mobile app studio or product company hiring mobile engineers.,11-50,LinkedIn,ABOUT VELOS
316,Webital Tech </>,"Tucson, AZ",United States,https://www.webitaltech.com,info@webitaltech.com; uk@webitaltech.com; uk@webitaltech.com\,info / contact,Mobile app studio or product company hiring mobile engineers.,51-100,LinkedIn,React Native Developer
317,Zero Homes,"Denver, CO",United States,https://www.zerohomes.com,hello@zerohomes.com,hello / general,Healthtech / digital health software company hiring engineers.,11-50,LinkedIn,Junior Full Stack Engineer
318,Alien Intelligence,"Perth, Australia",Australia,https://alienintelligence.ai,,founders,Perth AI software startup hiring AI software engineers for agentic systems.,<25,Indeed,AI Software Engineer
319,Antero Software,"Brisbane, Queensland, Australia",Australia,https://www.antero.com.au/,,agency leadership / hiring,The biggest challenges facing organisations trying...,11-50,LinkedIn,Automated Test Engineer
320,Aperitif Agency,"Melbourne, Victoria, Australia",Australia,https://aperitifagency.com.au/,,engineering / agency lead,Digital agency hiring web/software developers.,2-10,LinkedIn,SEO Manager
321,BFJ Digital,"Brisbane City, Queensland, Australia",Australia,https://bfj.digital/,,engineering / agency lead,Digital agency hiring web/software developers.,11-50,LinkedIn,Digital Content & SEO Producer
322,Builder Design Studio,"Melbourne, Australia",Australia,,,,AU product/software studio hiring developers via job boards.,1-20,LinkedIn,Full Stack Developer
323,Capsule AI,"Gold Coast, Queensland, Australia",Australia,,,engineering / product,Gold Coast AI/software startup appearing in LinkedIn web developer job filters.,2-10,LinkedIn,Web Developer jobs — Capsule AI
324,coreflow,"Sydney, Australia",Australia,https://coreflow.dev,,careers via Built In,Fast-growing Sydney AI entertainment startup hiring early software engineers.,<50,Indeed,Software Engineer
325,Creative Activation,"Gold Coast, Queensland, Australia",Australia,,,agency lead,Gold Coast digital/activation agency hiring entry-level business development managers.,2-10,LinkedIn,Business Development Manager - Entry Level Role
326,Creative Natives,"Melbourne, Victoria, Australia",Australia,https://creativenatives.com.au/,,engineering / agency lead,Digital agency hiring web/software developers.,11-50,LinkedIn,Digital Project Manager
327,Data Zoo,"Melbourne, Victoria, Australia",Australia,https://www.datazoo.com,,engineering / founders,"Data Zoo is the authoritative data layer for global identity verification, connecting enterprises and identity pl...",51-100,LinkedIn,Software Engineer
328,Eagle Software,"Melbourne, Australia",Australia,https://www.eaglesoftware.com.au,,,Real-estate CRM/listing software (11-50).,11-50,Indeed,Software Developer
329,Ecommerce Academy,"Gold Coast, Queensland, Australia",Australia,https://theecomacademy.com,,agency / training lead,Gold Coast ecommerce academy/agency hiring marketing specialists around Shopify brands.,2-10,LinkedIn,Marketing Specialist
330,Exclaim IT,"Brisbane, Queensland, Australia",Australia,https://www.exclaim-it.com.au,,engineering / studio lead,Digital agency hiring web/software developers.,11-50,LinkedIn,Solution Developer
331,Expert360,"Sydney, Australia",Australia,https://expert360.com,,,AU freelance marketplace software.,11-50,Indeed,Software Engineer
332,Frank Digital - A Jaywing Agency,"Melbourne, Victoria, Australia",Australia,https://www.frankdigital.com.au,,engineering / agency lead,Digital agency hiring web/software developers.,11-50,LinkedIn,Digital Project Manager
333,Inside Out® Community,"Adelaide, South Australia, Australia",Australia,https://www.theinsideout.community,,agency leadership / hiring,"At Inside Out® you’ll find independent insight, the perspective of your peers, and practical thinking...",2-10,LinkedIn,Social Content Creator & Producer (Full-Time or Part-Time)
334,MAXVY Technologies Pvt Ltd,"Bangalore, New South Wales, Australia",Australia,https://www.maxvytech.com,,engineering / studio lead,Mobile app studio or product company hiring mobile engineers.,11-50,LinkedIn,Flutter Developer – Internship -- Bangalore
335,Medow Health,Greater Sydney Area,Australia,https://www.medowhealth.ai/,,engineering / studio lead,Healthtech / digital health software company hiring engineers.,11-50,LinkedIn,Full-Stack Software Engineer
336,RecordPoint,"Sydney / Melbourne, Australia",Australia,https://www.recordpoint.com,,,Information lifecycle SaaS (11-50 on Indeed) hiring software engineers.,11-50,Indeed,Software Engineer
337,Right Hook Digital,"Millers Point, New South Wales, Australia",Australia,https://righthookdigital.com/,,engineering / agency lead,Shopify / ecommerce software or agency team hiring for storefront and commerce engineering.,51-100,LinkedIn,Google Ads / PPC Strategist (eCommerce) - Remote (Australia/New Zealand)
338,Rocket Agency,"Sydney, New South Wales, Australia",Australia,https://rocketagency.com.au,,engineering / agency lead,Digital agency hiring web/software developers.,51-100,LinkedIn,Search Engine Optimization Specialist
339,Sensei,"Adelaide, South Australia, Australia",Australia,https://www.senseiprojectsolutions.com.au/,,agency leadership / hiring,At Sensei we partner with you to help improve the way yo...,51-100,LinkedIn,D365 Application Support Consultant
340,SenSen Networks,"Melbourne, Australia",Australia,https://sensennetworks.com,,,Smart city AI/video analytics software (11-50).,11-50,Indeed,IoT Hardware Engineer
341,Silentium Defence,"Adelaide, South Australia, Australia",Australia,https://www.silentiumdefence.com.au/,,agency leadership / hiring,"A global leader in the design and deployment of cutting-edge passive surveillance systems, Silentiu...",51-100,LinkedIn,Senior Software Engineer
342,Storable Newbook,"Gold Coast, Queensland, Australia",Australia,https://www.newbook.cloud,,product engineering,Gold Coast hospitality software team (Newbook) hiring payments migration specialists.,51-100,LinkedIn,Payments Migration Specialist
343,Tailor,"Gold Coast, Queensland, Australia",Australia,https://www.tailor.tech,,engineering lead,Remote-friendly AU software company (TailorTech) hiring senior frontend engineers from Gold Coast.,11-50,LinkedIn,"Senior Frontend Engineer (Australia - AEST, Remote)"
344,The Creative Store Australia,"Perth, Western Australia, Australia",Australia,https://www.thecreativestore.com.au,,engineering / agency lead,Shopify / ecommerce software or agency team hiring for storefront and commerce engineering.,2-10,LinkedIn,Ecommerce Manager
345,Vitura Health (ASX:VIT),"Varsity Lakes, Queensland, Australia",Australia,https://www.vitura.com.au/,,engineering / founders,Healthtech / digital health software company hiring engineers.,51-100,LinkedIn,DevOps Engineer
346,Archesell Technologies,"Vancouver, British Columbia, Canada",Canada,,,,Vancouver AI startup posting Founding AI Engineer roles.,1-10,Indeed,Founding AI Engineer
347,Artificial.Agency,"Edmonton, Alberta, Canada",Canada,https://www.artificial.agency,,engineering / product,Edmonton AI/software studio posting open visionary team roles.,11-50,LinkedIn,Innovate Your Role: Join Artificial.Agency's Visionary Team
348,Bakeshop Digital,Canada,Canada,https://bakeshop.digital,,engineering / agency lead,Shopify / ecommerce software or agency team hiring for storefront and commerce engineering.,11-50,LinkedIn,Senior Growth Manager (Paid Social)
349,Borrowell,"Toronto, Ontario, Canada",Canada,https://borrowell.com,,,Canadian credit/fintech consumer software.,51-100,LinkedIn,Software Developer
350,Caribou,"Toronto, Ontario, Canada",Canada,https://www.caribou.care,,,Canadian care/fintech product company hiring senior software engineers.,11-50,LinkedIn,Senior Software Engineer
351,Crisp Media,"Vancouver, British Columbia, Canada",Canada,https://www.crispmedia.ca,,engineering / agency lead,Healthtech / digital health software company hiring engineers.,11-50,LinkedIn,Marketing Associate
352,Decoda Health,"Toronto, Ontario, Canada",Canada,https://decodahealth.com/?utm_source=linkedin&utm_medium=social&utm_campaign=company_page,,engineering / founders,Healthtech / digital health software company hiring engineers.,11-50,LinkedIn,Software Engineer
353,Dialogue,"Montréal, Quebec, Canada",Canada,https://www.dialogue.co,,,Canadian virtual care software platform.,51-100,LinkedIn,Software Engineer
354,Digital Shift,"Edmonton, Alberta, Canada",Canada,https://www.digitalshift.ca,,agency lead,Edmonton digital agency hiring account managers for client delivery.,2-10,LinkedIn,Account Manager
355,Established Search,"Calgary, Alberta, Canada",Canada,https://established-search.com/,,engineering / founders,Healthtech / digital health software company hiring engineers.,11-50,LinkedIn,Machine Learning Engineer
356,Fabled Solutions,"Edmonton, Alberta, Canada",Canada,https://fabledsolutions.com,,engineering lead,Edmonton custom software firm hiring full-stack PHP & Vue.js developers.,11-50,LinkedIn,Full-Stack Developer (PHP & Vue.js)
357,Fellow.app,"Ottawa, Ontario, Canada",Canada,https://fellow.app,,,Canadian meeting management SaaS.,11-50,LinkedIn,Software Engineer
358,Float Financial,"Toronto, Ontario, Canada",Canada,https://floatcard.com,,,Canadian spend management fintech SaaS.,11-50,LinkedIn,Senior Full Stack Developer
359,Hive,"Montréal, Quebec, Canada",Canada,https://hive.com,,,Canadian creative cloud collaboration software.,51-100,LinkedIn,Software Engineer
360,Humanitas Solutions,"Montréal, Quebec, Canada",Canada,https://humanitas.io,,,Montreal software/3D simulation company hiring Unreal developers.,11-50,Indeed,Unreal Engine - Senior C++ Developer
361,Integrate.ai,"Toronto, Ontario, Canada",Canada,https://www.integrate.ai,,,Canadian privacy-preserving AI software company.,11-50,LinkedIn,Software Engineer
362,IOA Digital,"Edmonton, Alberta, Canada",Canada,https://ioadigital.com,,founders / engineering,Edmonton fractional software development agency (Node.js/Rails) serving US & Canada clients; Indeed lists <10 employees.,2-10,Indeed,IOA Digital careers / software development
363,Konstruct Digital,"Calgary, Alberta, Canada",Canada,https://www.konstructdigital.com,,engineering / agency lead,Digital agency hiring web/software developers.,11-50,LinkedIn,Senior SEO Specialist
364,LayerZero Labs,"Vancouver, British Columbia, Canada",Canada,https://layerzero.network,,founders / engineering,LayerZero — the interoperability protocol for Better Money Technology.,51-100,LinkedIn,Backend Engineer
365,maru.ai,"Engineer, British Columbia, Canada",Canada,https://www.maru.ai/,,founders / engineering,"Meet Maru, your Software Engineering team&#39;s go-to expert. Harness your data 24/7 with Maru&#39;s connect...",2-10,LinkedIn,Software Engineer
366,Mass Tech Bytes,"Chiasson Office, New Brunswick, Canada",Canada,https://www.massoftind.com/,,engineering / studio lead,Mobile app studio or product company hiring mobile engineers.,51-100,LinkedIn,iOS Developer
367,Media Shop Collective,"St Albert, Alberta, Canada",Canada,https://www.mediashopcollective.com,,creative / agency lead,Edmonton-area creative digital collective hiring brand and digital designers.,2-10,LinkedIn,Brand and Digital Designer
368,Midknight Genius,"Remote, Canada",Canada,https://midknightgenius.com,,agency project lead,Shopify Plus partner agency hiring remote project managers for POS/B2B/DTC builds.,2-10,Indeed,Project Manager (For a Shopify Plus Agency) CA
369,Molaris AI Innovations Inc.,"Montreal, Quebec, Canada",Canada,https://www.molaris.ai,,engineering / founders,Healthtech / digital health software company hiring engineers.,11-50,LinkedIn,Senior Software Engineer / Tech Lead
370,NLPatent,"Toronto, Ontario, Canada",Canada,https://www.nlpatent.com,,,AI patent search software; Senior Backend Engineer roles.,11-50,LinkedIn,Senior Backend Software Engineer (Python)
371,Nuvoola AI,"Québec, Canada",Canada,https://nuvoola.com,,,Canadian AI software company hiring developers.,11-50,Indeed,Software Developer
372,OnDeck AI,"Vancouver, BC, Canada",Canada,https://www.ondeckai.com,,engineering hiring,"Analyze any footage, without training a model Tags: Machine Learning, SaaS, Computer Vision, B2B, Video",~5,LinkedIn,Founding Engineer / Software Engineer
373,Precision AI,"Calgary, Alberta, Canada",Canada,https://www.precision.ai,,founders / engineering,Healthtech / digital health software company hiring engineers.,11-50,LinkedIn,AI Systems Engineer
374,Punchcard Systems,"Edmonton, Alberta, Canada",Canada,https://gopunchcard.com,,product / marketing,Edmonton software product company hiring marketing principal roles.,11-50,LinkedIn,Marketing Principal
375,Purelend Technologies Inc.,"Calgary, Alberta, Canada",Canada,https://www.purelend.ai,,founders / engineering,"The mortgage industry has a problem. The most expensive, slowest, and most painful part of the mortgage process, docum...",2-10,LinkedIn,Software Engineer
376,Ribbon AI,"Toronto, Ontario, Canada",Canada,https://www.ribbon.ai,,,AI recruitment platform hiring full-stack engineers.,11-50,LinkedIn,Full-Stack Engineer
377,Ritual,"Toronto, Ontario, Canada",Canada,https://ritual.co,,,Canadian workplace food ordering software.,11-50,LinkedIn,Software Engineer
378,Rubikloud,"Toronto, Ontario, Canada",Canada,https://rubikloud.com,,,Canadian retail AI software company.,11-50,LinkedIn,Software Engineer
379,Software Secured,"Ottawa, Ontario, Canada",Canada,https://www.softwaresecured.com/,,agency leadership / hiring,Providing the quality of the biggest names in security wit...,11-50,LinkedIn,Penetration Tester
380,Solidy | Software Development Company,"S 1/2 Tsimpsean 2, British Columbia, Canada",Canada,https://solidy.am/,,engineering / studio lead,Mobile app studio or product company hiring mobile engineers.,11-50,LinkedIn,Android Developer
381,SOS Media Corp,"Edmonton, Alberta, Canada",Canada,https://sosmediacorp.com,,agency lead,Edmonton full-service digital marketing and web design agency hiring PPC & social ads managers.,2-10,LinkedIn,PPC & Social Media Ads Manager
382,Sundayy,"Ottawa, Ontario, Canada",Canada,https://sundayy.com,,agency leadership / hiring,Healthtech / digital health software company hiring engineers.,11-50,LinkedIn,"Software Developer, Intermediate"
383,symplistic.ai,"Toronto, Ontario, Canada",Canada,https://symplistic.ai,,founders / engineering,We create AI agents that solve real business problems. We bring your ideas to life through consulting. We co-create the future in our A...,11-50,LinkedIn,"AI Software Developer, Toronto"
384,TBL Digital,"Edmonton, Alberta, Canada",Canada,https://tbldigital.ca,,agency lead,Edmonton digital content/agency team hiring food photographer & videographer talent.,2-10,LinkedIn,Food Photographer & Videographer
385,Technucom,"Montréal, Quebec, Canada",Canada,,,,Canadian web/software firm posting ecommerce web developer roles.,11-50,Indeed,Web Developer Ecommerce
386,Tempo,"Toronto, ON, Canada",Canada,https://www.tempo.new,,engineering hiring,"Visual Editor for React, powered by AI Tags: Artificial Intelligence, Developer Tools, B2B, Design Tools, AI",1-10,LinkedIn,Founding Engineer – Backend
387,Terminal,"Toronto, Ontario, Canada",Canada,https://www.withterminal.com,,,YC telematics universal API startup hiring senior engineers.,11-50,LinkedIn,Senior Software Engineer – Product & Integrations
388,Thrive Health,"Vancouver, British Columbia, Canada",Canada,https://www.thrive.health,,engineering / founders,Healthtech / digital health software company hiring engineers.,11-50,LinkedIn,Senior Software Developer
389,Virtual Hallway,"Halifax, Nova Scotia, Canada",Canada,https://www.virtualhallway.ca,,founders / engineering,Healthtech / digital health software company hiring engineers.,11-50,LinkedIn,Junior Software Engineer
390,Web Ascend Digital,"Dawn-Euphemia, Ontario, Canada",Canada,https://webascend.ca,,engineering / agency lead,Shopify / ecommerce software or agency team hiring for storefront and commerce engineering.,2-10,LinkedIn,Shopify Website Developer
391,Yotta Labs,Canada,Canada,https://yottalabs.ai,,founders / engineering,Yotta Labs is at the forefront of building the next generation multi-silicon AI cloud and runtime p...,2-10,LinkedIn,Research Engineer - AI Systems
392,YZi Labs,Canada,Canada,https://www.yzilabs.com/,,founders / engineering,Healthtech / digital health software company hiring engineers.,11-50,LinkedIn,Artificial Intelligence Engineer
393,Zaber Technologies,"Vancouver, British Columbia, Canada",Canada,https://www.zaber.com/careers?linkid=li,,founders / engineering,Software company / tech team hiring developers (sourced via LinkedIn Jobs).,51-100,LinkedIn,Software Developer (IT)
394,Annonymous.ai,"Accra, Greater Accra Region, Ghana",Ghana,,,engineering / founders,Software company / tech team hiring developers (sourced via LinkedIn Jobs).,11-50,LinkedIn,Senior Product Security Engineer
395,Bsystems Limited,"Accra, Ghana",Ghana,https://bsystems.com,,,Ghana custom software / systems company.,11-50,LinkedIn,Software Developer
396,Crescita Solutions,"Accra, Ghana",Ghana,https://crescitasolutions.com,,,Pan-African digital agency (Accra/Lagos) hiring MERN fullstack developers.,11-50,Indeed,Fullstack Developer (MERN Stack)
397,DevWorld Tech Academy,"Accra, Ghana",Ghana,,,,Accra tech services startup hiring founding fullstack web developers.,1-10,LinkedIn,Full-Stack Web Developer
398,DreamOval,"Accra, Ghana",Ghana,https://dreamoval.com,,,Ghana software development company.,11-50,LinkedIn,Software Developer
399,ExpressPay Ghana,"Accra, Ghana",Ghana,https://expresspaygh.com,,,Ghana payments gateway/software company.,11-50,Indeed,Software Developer
400,iSmart International,"Accra, Ghana",Ghana,,,,Ghana fintech/digital solutions firm hiring fullstack developers.,11-50,LinkedIn,Full Stack Developer
401,MeQasa,"Accra, Ghana",Ghana,https://meqasa.com,,,Ghana proptech marketplace hiring developers.,11-50,Indeed,Software Developer
402,Nsano,"Accra, Ghana",Ghana,https://nsano.com,,,Ghana fintech API/payments infrastructure.,11-50,LinkedIn,Software Engineer
403,Paps,"Accra, Ghana",Ghana,https://paps.delivery,,,Ghana logistics tech startup hiring engineers.,11-50,Indeed,Software Engineer
404,Payswitch,"Accra, Ghana",Ghana,https://payswitch.com.gh,,,Ghana payments switching/software company.,11-50,LinkedIn,Software Engineer
405,Rancard,"Accra, Ghana",Ghana,https://rancard.com,,,Ghana telecom/software solutions company.,11-50,Indeed,Software Engineer
406,SMSGH / Nalo Tech,"Accra, Ghana",Ghana,https://nalo.com,,,Ghana CPaaS/messaging software.,11-50,Indeed,Software Developer
407,SoftTribe,"Accra, Ghana",Ghana,https://softtribe.com,,,Ghana software products/services company.,11-50,LinkedIn,Software Developer
408,Turntabl,"Accra, Ghana",Ghana,https://turntabl.io,,,Ghana software engineering apprenticeship/product delivery.,11-50,LinkedIn,Software Engineer
409,3kits,"Greater Hyderabad Area, India",India,https://www.3kits.com,,engineering / agency lead,Hyderabad digital product/agency team hiring front-end UI developers and graphic leads.,11-50,LinkedIn,Front-End Developer - UI
410,AdLiven,"Malkajgiri, Telangana, India",India,,,agency lead,Hyderabad-area creative/digital agency hiring creative coordinators.,2-10,LinkedIn,Creative Coordinator
411,Camarin AI,"Noida, Uttar Pradesh, India",India,,,founders / engineering,Digital agency hiring web/software developers.,2-10,LinkedIn,"Founding engineer, Full stack (AI)"
412,ClearTax,"Bengaluru, Karnataka, India",India,https://cleartax.in,,,Indian tax/compliance software platform.,51-100,Indeed,Software Engineer
413,Clinkerbell,"Hyderabad, Telangana, India",India,https://www.clinkerbell.com,,agency lead,Hyderabad digital agency hiring content writers and video editors.,2-10,Indeed,Content Writer: Intern / Full Time
414,CodeRound AI,India,India,https://www.coderound.ai,,engineering / founders,Early-stage software startup hiring engineers (LinkedIn Jobs).,11-50,LinkedIn,Principal Engineer (Up to 65LPA)
415,Contis Technologies Pvt Ltd,"Maharashtra, India",India,,,engineering / founders,Healthtech / digital health software company hiring engineers.,11-50,LinkedIn,Senior Software Engineer
416,credfix.app,"Bengaluru, Karnataka, India",India,https://www.credfix.app,,engineering / founders,Because Every Financial Setback Deserves a Comeback,2-10,LinkedIn,Senior Software Engineer
417,CultNerds,"Hyderabad, Telangana, India",India,https://cultnerds.io,,agency lead,Hyderabad digital marketing and IT solutions agency hiring SEO and creative copy roles.,11-50,LinkedIn,SEO Executive
418,Cutshort,"Bengaluru, Karnataka, India",India,https://cutshort.io,,,Indian hiring platform/product engineering.,11-50,LinkedIn,Software Engineer
419,Datamatics Technologies,"Bengaluru, Karnataka, India",India,https://www.datamaticstechnologies.com/,,engineering / founders,Mobile app studio or product company hiring mobile engineers.,51-100,LinkedIn,Mobile App Developer
420,Eeka AI,"Bengaluru, Karnataka, India",India,,,,Early-stage AI software startup hiring engineers via LinkedIn Jobs.,1-10,LinkedIn,Software Engineer
421,Efficieno AI,"Pune, Maharashtra, India",India,https://efficieno.ai,,,Agentic-AI engineering company hiring full-stack/K8s engineers.,11-50,LinkedIn,"Software Engineer — Python, Node/TypeScript, React & Kubernetes"
422,Filesie - The Digital Agency,"Madhapur, Hyderabad, Telangana, India",India,https://filesie.com,,agency lead,Hyderabad digital agency hiring video editors for client creative work.,2-10,Indeed,Video Editor
423,Fyno Digital Marketing,"Malkajgiri, Telangana, India",India,https://fynodigital.com,,agency lead,Hyderabad-area digital marketing agency hiring video editor and graphic designer interns.,2-10,LinkedIn,Video Editor Intern
424,Galactix Solutions Pvt Ltd,"Hyderabad, Telangana, India",India,https://galactixsolutions.com,,engineering lead,Hyderabad web agency hiring WordPress developers with SEO expertise.,2-10,Indeed,WordPress Developer with SEO Expertise
425,GENY MARKETING LIMITED,"Hyderabad, Telangana, India",India,,,agency lead,Hyderabad digital agency hiring paid media analysts and performance marketing managers.,11-50,LinkedIn,Analyst – Paid Media
426,Helfie.AI,Greater Hyderabad Area,India,https://helfie.ai,,engineering / founders,Healthtech / digital health software company hiring engineers.,51-100,LinkedIn,Machine Learning Engineer
427,iBridge Digital,"Hyderabad, Telangana, India",India,https://ibridge.digital,,agency lead,Hyderabad tech-first digital marketing agency hiring digital marketing and design talent.,11-50,LinkedIn,Digital Marketing Executive
428,Imedic Healthcare,"Hyderabad, Telangana, India",India,https://www.imedichealthcare.com,,engineering / agency lead,WordPress / web development company or agency hiring CMS and custom web developers.,51-100,LinkedIn,WordPress / App Developer
429,Inertialabs Technologies,"Bengaluru, Karnataka, India",India,,,engineering / studio lead,Mobile app studio or product company hiring mobile engineers.,2-10,LinkedIn,Mobile Application Developer
430,Intent Farm - Performance Marketing Agency,"Bengaluru, Karnataka, India",India,https://intentfarm.com/,,engineering / agency lead,Shopify / ecommerce software or agency team hiring for storefront and commerce engineering.,11-50,LinkedIn,WordPress & Shopify Web Development Trainee
431,LandSeek AI,"Hyderabad, Telangana, India",India,,,product / founders,Hyderabad AI startup hiring content creators via LinkedIn Jobs.,2-10,LinkedIn,Content Creator
432,Leap Club Tech,"Gurugram, Haryana, India",India,https://leap.club,,,Community/product software startup hiring developers.,11-50,LinkedIn,Full Stack Developer
433,LimeChat,"Bengaluru, Karnataka, India",India,https://limechat.ai,,,Conversational commerce AI startup.,11-50,LinkedIn,Software Engineer
434,Mad Street Den,"Chennai, Tamil Nadu, India",India,https://www.madstreetden.com,,,Indian retail AI software company.,51-100,LinkedIn,Software Engineer
435,My DTC Guy,"Saroornagar, Telangana, India",India,,,agency lead,DTC/ecommerce agency hiring TikTok ads specialist interns in Hyderabad.,2-10,LinkedIn,TikTok Ads Specialist Intern
436,oracliumai,"HSR Layout, Bengaluru, India",India,https://oraclium.ai,,,Bengaluru AI product startup hiring backend/AI engineers.,1-20,Indeed,Backend Developer & Ai Engineer
437,Outmarket AI,India,India,https://www.outmarket.ai,,founders / engineering,"Outmarket AI empowers insurance agents and brokers to grow revenue, cut costs, and reduce risk. Outmarket goes ...",11-50,LinkedIn,Full Stack AI Engineer
438,PhotonX Technologies,"Hyderabad, Telangana, India",India,,,engineering / marketing,Hyderabad tech company hiring Instagram Reels content planner & creator roles.,2-10,LinkedIn,Instagram Reels Content Planner & Creator
439,rarefictionmedia,"Hyderabad, Telangana, India",India,https://rarefictionmedia.com,,agency lead,Creative-first Hyderabad digital agency hiring content creators and social executives.,2-10,Indeed,Content Creator / Influencer / Social Media Executive
440,REGRO MEDIA,India,India,https://www.Regromedia.com,,engineering / agency lead,Healthtech / digital health software company hiring engineers.,11-50,LinkedIn,Performance Marketing Specialist
441,RevSoc Digital,"Hyderabad, Telangana, India",India,,,agency ops,Hyderabad digital firm posting accountant roles alongside agency operations.,2-10,LinkedIn,Accountant
442,Saturn,"Bengaluru, Karnataka, India",India,https://www.saturnfi.com,,,B2B fintech AI startup hiring Django backend engineers.,11-50,LinkedIn,Django Python Backend Engineer
443,Setu,"Bengaluru, Karnataka, India",India,https://setu.co,,,Indian open banking/API fintech.,11-50,LinkedIn,Software Engineer
444,SkyGoal Innova Technologies Pvt Ltd,"Gachibowli, Hyderabad, Telangana, India",India,https://skygoaltech.com,,engineering lead,Hyderabad software firm hiring WordPress and Shopify web developers.,11-50,Indeed,Web Developer (WordPress and Shopify )
445,Social DNA,"Hyderabad, Telangana, India",India,,,agency lead,Hyderabad brand/digital agency hiring brand strategists.,2-10,LinkedIn,Brand Strategist
446,Spector.ai,"Bengaluru, Karnataka, India",India,https://spector.ai,,,Industrial AI inspection startup hiring fullstack engineers.,11-50,Indeed,Fullstack Software Engineer
447,TechPulse IT Services,"Pune Division, Maharashtra, India",India,https://techpulseitservices.com/,,engineering / studio lead,Mobile app studio or product company hiring mobile engineers.,51-100,LinkedIn,React Native Mobile App Developer
448,TOPNOTCH SOFTTSOL,"Hyderabad, Telangana, India",India,,,engineering lead,Hyderabad software firm hiring senior Shopify developers on Indeed.,2-10,Indeed,Sr. Shopify Developer
449,Vinutna Digital Solutions,"Greater Hyderabad Area, India",India,,,agency lead,Hyderabad digital solutions firm hiring digital marketing executives/content writers.,2-10,LinkedIn,Digital Marketing Executive/ Content Writer
450,WANotifier,"Pune City, Maharashtra, India",India,https://wanotifier.com/,,engineering / hiring,WordPress / web development company or agency hiring CMS and custom web developers.,11-50,LinkedIn,Senior WordPress Engineer (SaaS)
451,Wolfpack Labs,"Gurugram, Haryana, India",India,https://wolfpacklabs.vc/,,engineering / agency lead,Shopify / ecommerce software or agency team hiring for storefront and commerce engineering.,11-50,LinkedIn,Shopify Developer
452,Akara Robotics,"Dublin 8, Ireland",Ireland,https://akara.ai,,,Healthcare robotics/AI company hiring data and software roles.,11-50,Indeed,Data Annotation and Quality Specialist (Healthcare)
453,Alternatives,"Cork Metropolitan Area, Ireland",Ireland,https://www.alternatives.ie,,marketing / digital lead,Cork employer hiring Digital Marketing Executive via LinkedIn Jobs.,11-50,LinkedIn,Digital Marketing Executive
454,Anson McCade,"Belfast, Northern Ireland, United Kingdom",Ireland,https://www.AnsonMcCade.com,,engineering / founders,Digital agency hiring web/software developers.,11-50,LinkedIn,Lead Developer
455,Brickfield Education Labs,Ireland,Ireland,https://www.brickfield.ie,,engineering / agency lead,Brickfield Education Labs builds platforms that help organisations ...,2-10,LinkedIn,Senior Moodle Developer
456,Buymie,"Dublin, Ireland",Ireland,https://buymie.com,,,Irish grocery delivery tech/product company hiring developers.,11-50,Indeed,Software Developer
457,CitySwift,"Galway, Ireland",Ireland,https://cityswift.com,,,Irish transit data/SaaS platform hiring software engineers.,11-50,Indeed,Software Engineer
458,Connected Manufacturing™,"Cork, County Cork, Ireland",Ireland,https://www.connectedmanufacturing.com/,,engineering / agency lead,"Increasing Efficiency | Removing Paper | ABOUT CONNECTED MANUFACTURING™ At Connected Manufacturing™, we enable ...",11-50,LinkedIn,"Solutions Lead, Development - Ireland"
459,Eiratech Robotics,"Dublin, Ireland",Ireland,https://www.eiratech.com,,,Dublin warehouse robotics + software automation platform.,11-50,LinkedIn,Software Engineer
460,Equal1,"Dublin, Ireland",Ireland,https://www.equal1.com,,,Irish quantum semiconductor/software company hiring engineers.,11-50,LinkedIn,Software Engineer
461,EverBold Marketing,"Remote, Ireland",Ireland,,,agency lead,Ireland remote digital marketing agency (PPC/SEO/ecommerce) hiring Digital Marketing Executive on Indeed.,2-10,Indeed,Digital Marketing Executive
462,Horizon Quantum Computing,"Dublin, Ireland",Ireland,https://www.horizonquantum.com,,,Irish quantum software startup hiring DevOps/engineering talent.,11-50,Indeed,Devops Engineer
463,InteractiveAI,"Dublin, Ireland",Ireland,https://interactiveai.eu,,,Dublin AI product/platform company hiring across product engineering.,11-50,Indeed,Open Positions at InteractiveAI
464,Muster,"Dublin, Ireland",Ireland,https://www.muster.com,,,Irish construction tech SaaS hiring engineers.,11-50,LinkedIn,Full Stack Engineer
465,Nexthop AI,"Dublin, County Dublin, Ireland",Ireland,https://nexthop.ai,,engineering / founders,"Nexthop AI is a cohesive team of seasoned industry experts, who through their coll...",51-100,LinkedIn,Software Engineer
466,Nova Leah,"Dundalk, Ireland",Ireland,https://novaleah.com,,,Irish medtech cybersecurity software company.,11-50,LinkedIn,Software Engineer
467,Orreco,"Galway, Ireland",Ireland,https://orreco.com,,,Irish sports science software/analytics company.,11-50,LinkedIn,Software Developer
468,Pointillist Labs,"Dublin, Ireland",Ireland,https://pointillist.io,,,Irish early-stage software/product studio hiring developers.,1-10,LinkedIn,Software Developer
469,Quartr,"Dublin, Ireland",Ireland,https://quartr.com,,,Finance research software company with Dublin GTM/engineering hiring.,11-50,Indeed,Sales Development Representative
470,Seapoint,"Dublin, Ireland",Ireland,https://www.seapoint.ai,,,AI finance/ops software startup building transaction enrichment and banking workflows.,11-50,Indeed,AI Application Software Engineer
471,Software Placements,"Cork, County Cork, Ireland",Ireland,https://www.softwareplacements.ie,,engineering / studio lead,Software company / tech team hiring developers (sourced via LinkedIn Jobs).,11-50,LinkedIn,Principal Software Engineer
472,Solance,"Dublin, Ireland",Ireland,https://solance.com,,,Dublin software/product team surfaced via Indeed full-stack listings.,1-50,Indeed,Full Stack Developer
473,SwipeFarm,"Dublin, Ireland",Ireland,https://swipefarm.com,,,Irish proptech/software startup hiring full-stack talent.,1-20,LinkedIn,Full Stack Developer
474,VISO Cyber Security Limited,"Glasnevin, Dublin, Ireland",Ireland,https://www.visocyber.com,,,Irish cybersecurity firm posting analyst and security engineering roles.,11-50,Indeed,Cyber Security Analyst
475,Vocovo,"Cork, Ireland",Ireland,https://vocovo.com,,,Irish workplace communication hardware/software company.,11-50,LinkedIn,Software Engineer
476,Xanadu,"Cork, County Cork, Ireland",Ireland,,,engineering lead,Cork software team hiring UI developers (React) on Indeed.,2-10,Indeed,UI Developer
477,AHADI Applied Health Analytics for Delivery & Innovation,"Nairobi, Nairobi County, Kenya",Kenya,https://www.appliedhealthanalytics.org,,engineering / founders,Healthtech / digital health software company hiring engineers.,2-10,LinkedIn,Data Scientist
478,Caliza,"Nairobi, Kenya",Kenya,https://www.caliza.com/,,contact form,Cross-border payments / USD account infrastructure startup hiring in Nairobi.,~13,LinkedIn,Payment Operations and Integrations Engineer
479,Grawesoft Digital,"Mombasa, Kenya",Kenya,https://grawesoft.org,,,Pan-African digital agency (~30) rooted in Mombasa.,11-50,LinkedIn,Software Developer
480,Korvanta Systems,"Nairobi, Kenya",Kenya,https://www.korvantasystems.com,,,Nairobi software studio for PMS/ERP/payments/AI across Africa.,1-20,LinkedIn,Software Engineer
481,Native X,"Nairobi, Kenya",Kenya,https://nativex.no/,,booking form,Norwegian IT consultancy with Nairobi developers serving Scandinavian clients.,2-10,LinkedIn,Full-Stack Developer
482,Augusto Group,"Auckland, New Zealand",New Zealand,https://augusto.co.nz,,,NZ software consultancy/product engineering firm.,11-50,Indeed,Software Engineer - Augusto Group
483,Boost,"Wellington, New Zealand",New Zealand,https://www.boost.co.nz,,,Wellington digital product/software agency hiring full-stack developers.,11-50,Indeed,Full Stack Software Developer
484,Centrapay,"Auckland, New Zealand",New Zealand,https://centrapay.com,,,NZ payments/loyalty fintech hiring intermediate software engineers.,11-50,Indeed,Intermediate Software Engineer
485,Cognisance,"Auckland, New Zealand",New Zealand,https://cognisance.co.nz,,,NZ custom software / digital product agency.,11-50,Indeed,Software Developer
486,Figured,"Auckland, New Zealand",New Zealand,https://www.figured.com,,,NZ farm financial management SaaS.,11-50,LinkedIn,Software Engineer
487,Melon,"Auckland, New Zealand",New Zealand,https://melon.co.nz,,,NZ digital product studio / software agency.,11-50,Indeed,Full Stack Developer
488,NeoClean Limited,"Auckland, New Zealand",New Zealand,,,,NZ tech employer posting software developer roles on Indeed.,1-20,Indeed,Software Developer
489,Optimal Workshop,"Wellington, New Zealand",New Zealand,https://www.optimalworkshop.com,,,NZ UX research SaaS hiring engineers.,11-50,LinkedIn,Software Engineer
490,Partly,"Christchurch, New Zealand",New Zealand,https://partly.com,,,NZ auto parts ecommerce/marketplace software.,11-50,LinkedIn,Software Engineer
491,Pukeko,"Auckland, New Zealand",New Zealand,https://pukeko.io,,,NZ software product company hiring junior–intermediate developers.,1-20,Indeed,Software Developer (Junior – Intermediate)
492,Raygun,"Wellington, New Zealand",New Zealand,https://raygun.com,,,NZ application monitoring/error tracking SaaS.,11-50,LinkedIn,Software Engineer
493,Springload,"Wellington, New Zealand",New Zealand,https://www.springload.co.nz,,,Wellington digital product agency hiring developers.,11-50,LinkedIn,Software Developer
494,Tracksuit,"Auckland, New Zealand",New Zealand,https://www.tracksuit.com,,,NZ brand tracking SaaS hiring engineers.,11-50,LinkedIn,Software Engineer
495,Youtap Limited,"Auckland CBD, New Zealand",New Zealand,https://youtap.com,,,NZ fintech/payments software company hiring frontend developers.,11-50,Indeed,Graduate Front-end Software Developer
496,Akili Dev,"Lagos, Nigeria",Nigeria,https://akili.dev,,,Product development arm building software for African startups/enterprises.,11-50,LinkedIn,Software Engineer
497,Bemo Technologies,"Abuja, Federal Capital Territory, Nigeria",Nigeria,,,engineering lead,Abuja software company hiring Flutter engineers.,2-10,LinkedIn,Flutter Engineer
498,ByteWorks,"Abuja, Federal Capital Territory, Nigeria",Nigeria,https://byteworks.com.ng,,engineering lead,Abuja software company hiring software developer interns on Indeed.,11-50,Indeed,Software Developer (Intern)
499,Enet Technologies,"Abuja, Federal Capital Territory, Nigeria",Nigeria,https://www.enetinnovative.com,,engineering lead,Abuja software company hiring software engineers (LinkedIn and Indeed).,2-10,LinkedIn,Software Engineer
500,INITS Limited,"Lagos, Nigeria",Nigeria,https://inits.com.ng,,,Custom software/IT consulting (~47 employees) Lagos/Nairobi.,11-50,LinkedIn,Software Developer
501,Iris Edutech,"Abuja, Federal Capital Territory, Nigeria",Nigeria,,,agency / product lead,"Abuja Iris Tech and Media careers posting web developer, QA, and UI/UX roles on Indeed.",2-10,Indeed,"Careers at Iris Tech and Media Ltd (Web Developer, QA Tester, Marketing Strategist, UI/UX Designer)"
502,KadMap Systems Limited,"Abuja, Federal Capital Territory, Nigeria",Nigeria,https://kadmap.com,,engineering lead,Abuja sovereign computing / software firm hiring full-stack engineers.,2-10,LinkedIn,Full-Stack Engineer
503,PureSoft Technologies,"Abuja, Federal Capital Territory, Nigeria",Nigeria,,,engineering lead,Abuja software firm hiring frontend and web developers on Indeed.,2-10,Indeed,Frontend Developer
504,TikTal,"Abuja, Federal Capital Territory, Nigeria",Nigeria,https://tiktal.com,,engineering lead,Abuja software product company hiring full stack developers on Indeed.,2-10,Indeed,Full Stack Developer
505,Triax Technologies,"Abuja, Federal Capital Territory, Nigeria",Nigeria,,,engineering lead,Abuja tech firm hiring mid-level IT engineers/developers on Indeed.,2-10,Indeed,IT Engineer (Mid-Level Developer)
506,24x7 Direct,Metro Manila,Philippines,https://www.24x7direct.com.au,,engineering / studio lead,"Looking for a reliable outsourcing partner that can help your business grow? Look no further than 24x7 Direct! At 24x7 Direct, we off...",51-100,LinkedIn,Full Stack Developer
507,"98Labs, Inc.","Makati City, Philippines",Philippines,https://98labs.com,,,Manila software engineering firm for banking/logistics/tech brands.,11-50,Indeed,Software Engineer
508,BlastAsia,"Makati, Philippines",Philippines,https://blastasia.com,,,PH Microsoft-stack software solutions company.,11-50,LinkedIn,Software Engineer
509,CIM Technologies,"Cebu City, Philippines",Philippines,https://www.cimtechnologies.com,,engineering lead,Cebu software firm hiring full stack web developers.,11-50,Indeed,Full Stack Web Developer
510,Circular Economy Systems (CES),"Manila, National Capital Region, Philippines",Philippines,https://circulareconomysystems.com/,,engineering / studio lead,We are proud to develop successful recycling schemes that d...,51-100,LinkedIn,Software Developer - D365
511,Codedisrupt,"Manila, Philippines",Philippines,,,,PH digital agency/software team hiring developers.,1-20,Indeed,Full Stack Developer
512,Coreproc,"Makati, Philippines",Philippines,https://coreproc.com,,,PH custom software development company.,11-50,LinkedIn,Software Engineer
513,Gurango Software,"Makati, Philippines",Philippines,https://gurango.com,,,Philippine enterprise software / Dynamics partner engineering.,11-50,Indeed,Software Developer
514,I Need Website,"Metro Cebu, Philippines",Philippines,https://ineedwebsite.com,,agency lead,Cebu web agency hiring front-end developers.,2-10,LinkedIn,Front - End Developer
515,iScale Solutions,"Cebu City, Philippines",Philippines,https://iscale-solutions.com,,engineering lead,Cebu tech scaling firm hiring front-end developers.,11-50,Indeed,Front end Developer
516,L'EVATE Inc.,"Cebu, Philippines",Philippines,,,engineering lead,Cebu software team hiring full stack developers on LinkedIn.,2-10,LinkedIn,Full Stack Developer
517,Lennor Group,"Cebu, Philippines",Philippines,https://www.lennorgroup.com,,engineering lead,Cebu software/outsourcing group hiring Vue frontend and senior full stack developers.,11-50,LinkedIn,Vue Frontend Developer
518,Mysofthemes Studio,"Manila, Philippines",Philippines,,,,PH web/app development studio hiring developers.,1-20,Indeed,Web Developer
519,Nerubia Inc.,"Cebu City, Philippines",Philippines,https://www.nerubia.com,,,Cebu software development startup serving international clients.,11-50,Indeed,Software Engineer
520,Nueca Technologies,"Cebu City, Philippines",Philippines,https://nueca.com,,,Cebu digital product and software development agency.,11-50,LinkedIn,Full Stack Developer
521,OpsWerks,"Metro Cebu, Philippines",Philippines,https://opswerks.com,,engineering lead,Cebu software services company hiring senior full stack developers.,11-50,LinkedIn,Senior Full Stack Developer
522,Outliant,"Manila, Philippines",Philippines,https://outliant.com,,,Digital product agency with PH engineering delivery.,11-50,LinkedIn,Full Stack Developer
523,Proudcloud,"Manila, Philippines",Philippines,https://proudcloud.net,,,PH open-source / custom software consultancy.,1-20,Indeed,Software Engineer
524,Proweaver,"Talisay / Cebu, Philippines",Philippines,https://www.proweaver.com,,engineering / agency lead,Cebu web design/development agency (Proweaver PH) hiring front-end web developers on LinkedIn.,51-100,LinkedIn,Front-End Web Developer
525,"RCC Colab Solutions, Inc.","Makati, National Capital Region, Philippines",Philippines,https://rcccolabsolutions.com/,,engineering / studio lead,Mobile app studio or product company hiring mobile engineers.,11-50,LinkedIn,Android Developer
526,RemoteVA,"Cebu, Philippines",Philippines,https://remoteva.com,,agency lead,Cebu remote staffing/agency hiring HubSpot SEO specialists and Shopify developers.,11-50,LinkedIn,SEO/AEO Specialist (HubSpot)
527,Sparksoft Solutions,"Quezon City, Philippines",Philippines,https://sparksoft.com.ph,,,PH custom software development company.,11-50,Indeed,Software Engineer
528,Startechup Inc.,"Cebu City, Philippines",Philippines,https://www.startechup.com,,,Cebu software agency for web/mobile for EU/US/Asia clients.,11-50,Indeed,Senior Web Developer
529,Swiftventure Labs,"Cebu City, Philippines",Philippines,,,,Cebu software product studio hiring engineers.,1-20,LinkedIn,Software Developer
530,Symph,"Cebu City, Philippines",Philippines,https://symph.co,,,Cebu product design and software development studio.,11-50,LinkedIn,Full Stack Developer
531,TimeRiverDesign,"Cebu City, Philippines",Philippines,https://timeriverdesign.com,,agency lead,Cebu web design/development studio hiring web developers on Indeed.,2-10,Indeed,Web Developer
532,Web2.ph,"Cebu City, Philippines",Philippines,https://web2.ph,,agency lead,Cebu creative & technical web agency hiring front-end web developers.,2-10,Indeed,Front-End Web Developer Creative & Technical
533,WhiteCloak Technologies,"Makati, Philippines",Philippines,https://whitecloak.com,,,PH software engineering company for web/mobile products.,11-50,Indeed,Software Engineer
534,Wobbisource,"Makati / BGC, Philippines",Philippines,,,,PH remote/hybrid product engineering team hiring full-stack developers.,1-20,Indeed,Full Stack Developer
535,10X AI TECHNOLOGY PTE. LTD.,Singapore,Singapore,,,,Singapore AI software firm hiring senior engineers.,1-20,Indeed,Senior Software Engineer
536,A:20Labs,Singapore,Singapore,https://a20labs.com,,,Music-tech development company hiring deployment engineers.,1-10,LinkedIn,Deployment Engineer
537,ALTA Alternative Investments,Singapore,Singapore,,,,Singapore alt-investments software platform hiring engineers.,11-50,Indeed,Software Engineer
538,ALTAX PTE. LTD.,Singapore,Singapore,,,,Singapore brokerage/fintech software team hiring engineers.,11-50,Indeed,Software Engineer
539,Avatar Modern Techno Services,Singapore,Singapore,,,,Singapore software services firm hiring application engineers.,11-50,Indeed,Software Engineer
540,Codex Solutions,Singapore,Singapore,https://www.codex.com.sg/,,founders / engineering,A joint venture company by ST Engineering and HTX,51-100,LinkedIn,Software Engineer
541,GoDoc (Medical) Pte. Ltd.,Singapore,Singapore,https://godoc.co,,,Singapore healthtech software company hiring engineers.,11-50,Indeed,Software Engineer
542,Hatch,Singapore,Singapore,https://hatch.sg,,,Singapore careers/jobs product company hiring engineers.,11-50,LinkedIn,Software Engineer
543,JEET ANALYTICS PTE. LTD.,Singapore,Singapore,,,,Singapore analytics/software firm hiring CI/CD-focused engineers.,1-20,Indeed,Software Engineer
544,Lully,Singapore,Singapore,https://lully.ai,,,Warehouse AI startup hiring forward-deployed engineers.,1-10,LinkedIn,Forward Deployed Engineer
545,Mobbin,Singapore,Singapore,https://mobbin.com,,,Singapore design inspiration SaaS hiring platform engineers.,11-50,LinkedIn,"Software Engineer, New Platforms"
546,Naptha AI,Singapore,Singapore,https://naptha.ai,,,Singapore multi-agent AI startup hiring software engineers.,1-10,LinkedIn,Software Engineer (Intern)
547,Oddle,Singapore,Singapore,https://www.oddle.me,,,Singapore F&B ecommerce SaaS.,11-50,Indeed,Software Engineer
548,OrcaSlicer,Singapore,Singapore,https://orcaslicer.com,,,Local 3D-printing software startup hiring full-stack engineers.,1-10,Indeed,Software Engineer
549,Pave Bank,Singapore,Singapore,https://pavebank.com,,,Singapore digital bank/fintech hiring junior software engineers.,11-50,Indeed,Junior Software Engineer
550,SIGNALPLUS SG PTE. LTD.,Singapore,Singapore,https://www.signalplus.com,,,Singapore crypto/derivatives trading tech hiring engineering interns.,11-50,Indeed,Software Engineering Intern
551,Spenmo,Singapore,Singapore,https://www.spenmo.com,,,Singapore spend management SaaS.,11-50,LinkedIn,Software Engineer
552,Tescom Singapore Software,Singapore,Singapore,,,,Software systems testing/engineering firm hiring software engineers.,11-50,Indeed,Software Engineer
553,Yirifi.ai,Singapore,Singapore,https://yirifi.ai,,,Singapore AI software startup hiring full-stack developers.,11-50,LinkedIn,Full Stack Developer
554,YOJEE PTE. LTD.,Singapore,Singapore,https://yojee.com,,,Logistics SaaS platform hiring software engineers.,11-50,Indeed,Software Engineer
555,Aerobotics,"Cape Town, South Africa",South Africa,https://www.aerobotics.com,,,SA agtech AI/software company.,11-50,Indeed,Software Engineer
556,Best Web Design Pty,"Johannesburg, Gauteng, South Africa",South Africa,https://bestwebdesign.co.za/,,engineering / agency lead,Digital agency hiring web/software developers.,2-10,LinkedIn,Search Engine Expert
557,Bluespec Holdings,"Sandton, South Africa",South Africa,https://bluespec.co.za,,tech leadership,Sandton tech group hiring AI developer interns.,<100,Indeed,AI Developer Intern
558,Dotcom Africa (Pty) Ltd,"Morningside, KwaZulu-Natal, South Africa",South Africa,,,,Website/software development company hiring website developers.,1-20,Indeed,Website Developer (Full-Time)
559,Duku AI,"Durban, KwaZulu-Natal, South Africa",South Africa,https://duku.ai,,engineering / founders,Durban AI/software startup hiring full stack software engineers.,2-10,LinkedIn,Full Stack Software Engineer
560,Ecentric Payment Systems,"Cape Town, Western Cape, South Africa",South Africa,https://www.ecentric.co.za,,engineering / founders,Fintech software company hiring engineers for financial products.,51-100,LinkedIn,Fullstack Developer (Recon Assist)
561,Flowapt,"City of Cape Town, Western Cape, South Africa",South Africa,https://flowapt.com,,engineering / founders,Shopify / ecommerce software or agency team hiring for storefront and commerce engineering.,2-10,LinkedIn,Software Engineer
562,Giraffe,"Johannesburg, South Africa",South Africa,https://www.giraffe.co.za,,,SA recruitment marketplace software.,11-50,Indeed,Software Engineer
563,Hire Hangar,"Cape Town / Johannesburg, South Africa",South Africa,https://www.hirehangar.com,,ops,AI-powered global recruiting firm hiring SA full-stack developers.,<100,Indeed,Frontend-Focused Full Stack Developer
564,Hire Overseas,"Cape Town, South Africa",South Africa,https://hireoverseas.com,,product,Remote hiring platform with Cape Town roles for web developer & designer.,<100,Indeed,Web Developer & Designer
565,IndSAfri,"Roodepoort, South Africa",South Africa,https://indsafri.com,,engineering management,Software/services firm hiring permanent software developers for enterprise systems.,<100,Indeed,Software Developer - Permanent
566,iX,"Durban, KwaZulu-Natal, South Africa",South Africa,https://www.ix.co.za,,engineering lead,Durban software/digital team hiring intermediate developers and website testers.,11-50,LinkedIn,Intermediate Developer
567,LifeQ,"Cape Town, South Africa",South Africa,https://www.lifeq.com,,,SA biometric/health data software.,11-50,LinkedIn,Software Engineer
568,Liquid Thought,"Cape Town, Western Cape, South Africa",South Africa,https://www.liquidthought.co.za,,engineering / agency lead,Digital agency hiring web/software developers.,11-50,LinkedIn,Full Stack Developer
569,MyHealthcare Clinic,"Durban, KwaZulu-Natal, South Africa",South Africa,,,product engineering,Durban digital health product team hiring full stack web developers (Next.js/React).,11-50,Indeed,Full Stack Web Developer -(Next.js / React)
570,OfferZen,"Cape Town, South Africa",South Africa,https://www.offerzen.com,,,Developer hiring platform / product engineering.,11-50,LinkedIn,Software Engineer
571,Optimim,"Cape Town, South Africa",South Africa,https://optimim.co.za,,product engineering,Cape Town software product company building PHP/web solutions for the SA market.,<50,Indeed,Software Developer
572,Ozow,"Cape Town, South Africa",South Africa,https://ozow.com,,,SA instant EFT payments software.,11-50,LinkedIn,Software Engineer
573,Pilot Software Holdings (Pty) Ltd - Point of Sale,"City of Cape Town, Western Cape, South Africa",South Africa,https://www.pilot.co.za/pointofsale/,,engineering / founders,Proven Hospitality Point of Sale Solution. Pilot Software is a leading developer and implementer ...,51-100,LinkedIn,Software Engineer
574,Prime Meridian Direct,"Johannesburg, South Africa",South Africa,https://www.primemeridiandirect.com,,product engineering,Insurance/fintech product company hiring full-stack Python developers.,<100,Indeed,Full-Stack Python Developer
575,redPanda Software,"Cape Town, Western Cape, South Africa",South Africa,https://www.redpandasoftware.com,,engineering / founders,Mobile app studio or product company hiring mobile engineers.,51-100,LinkedIn,Software Engineer
576,Sable International,"Cape Town, South Africa",South Africa,https://www.sableinternational.com,,tech / product,International services firm with Cape Town tech team hiring SQL developers.,<100,Indeed,Junior SQL Developer
577,SALVO-IT,"Midrand, South Africa",South Africa,,,,Midrand software/IT firm hiring software developers.,11-50,Indeed,Software Developer
578,Sedna Inc,"City of Cape Town, Western Cape, South Africa",South Africa,https://www.sedna.net,,engineering / founders,"At Sedna, we blend innovation with expertise and experience to deliver...",11-50,LinkedIn,Senior Software Engineer
579,Select Africa,"Johannesburg, South Africa",South Africa,https://selectafrica.net,,tech lead,Financial-services tech team hiring software developer interns (.NET/SQL).,<100,Indeed,Software Developer Intern
580,Shoreability,"Umhlanga Rocks, KwaZulu-Natal, South Africa",South Africa,,,digital / SEO lead,Durban-area digital team hiring SEO managers working with UK web stakeholders.,2-10,Indeed,SEO Manager PD
581,SnapScan,"Cape Town, South Africa",South Africa,https://www.snapscan.co.za,,,SA payments software product team.,11-50,Indeed,Software Developer
582,SOFTA,"Johannesburg, South Africa",South Africa,https://softa.co.za,,founders,Johannesburg software firm hiring junior full-stack / AI-enthusiast developers.,<50,Indeed,Junior Full-Stack Developer
583,Speechify,"Johannesburg, South Africa",South Africa,https://speechify.com,,platform engineering,Text-to-speech product company hiring platform software engineers from Johannesburg.,<100,Indeed,"Software Engineer, Platform"
584,Studefy,South Africa (Remote),South Africa,,,,Startup hiring fullstack software engineers (equity/salary).,1-20,Indeed,Full Stack Developer (Startup)
585,SudoSky,"Cape Town, South Africa",South Africa,https://sudosky.com,,,Cape Town software engineering firm for web/mobile/AI systems.,11-50,LinkedIn,Full-Stack Software Developer
586,Symbionix,South Africa (Remote),South Africa,,,,Remote SA software team hiring mid-level engineers (JS).,1-20,Indeed,Mid-level Software Engineer
587,Team Liquid,"Johannesburg, South Africa",South Africa,https://www.teamliquid.com,,digital product,Esports org with Johannesburg digital-product full-stack engineer hiring.,<100 local,Indeed,Full Stack Engineer
588,Upstream,"Johannesburg, South Africa",South Africa,https://www.upstreamsystems.com,,engineering managers,Digital engagement / software firm hiring Java software engineers.,<100,Indeed,"Software Engineer, Java"
589,Acclaim AI,"London, England, United Kingdom",United Kingdom,https://acclaim.ai,,engineering / founders,Healthtech / digital health software company hiring engineers.,51-100,LinkedIn,Senior Backend Developer
590,Be-IT,"Edinburgh, Scotland, United Kingdom",United Kingdom,https://www.be-it.co.uk,,agency leadership / hiring,Digital agency hiring web/software developers.,11-50,LinkedIn,Senior Software Engineer
591,BR Technologies,"Great Work, England, United Kingdom",United Kingdom,https://www.brtechnologies.net,,engineering / agency lead,Digital agency hiring web/software developers.,2-10,LinkedIn,React Developer - Remote work
592,Bristol Formula Student AI,"Bristol, England, United Kingdom",United Kingdom,https://fsai.cssbristol.co.uk/,,engineering / agency lead,We select and train the best students from the University of Bristol who want to build the next best AI and...,11-50,LinkedIn,Web Developer
593,Crowdcube,"London, United Kingdom",United Kingdom,https://www.crowdcube.com,,,UK equity crowdfunding platform software.,11-50,LinkedIn,Software Engineer
594,Elyos AI,"London Area, United Kingdom",United Kingdom,https://www.elyos.ai/,,founders / engineering,Elyos AI is the first totally autonomous customer service agent for trades and field services. Fully integrated wi...,11-50,LinkedIn,Staff Engineer
595,EmpowerRD,"London, United Kingdom",United Kingdom,https://empower.rd,,,R&D tax credit fintech/software startup near Old Street.,11-50,Indeed,Sales Development Representative
596,Farewill,"London, United Kingdom",United Kingdom,https://farewill.com,,,UK wills/probate consumer software.,11-50,LinkedIn,Software Engineer
597,Firemind,"England, United Kingdom",United Kingdom,https://firemind.com,,engineering / agency lead,UK software/digital product team hiring senior full stack engineers.,11-50,LinkedIn,Senior Full Stack Engineer
598,Flok Health,"Cambridge, England, United Kingdom",United Kingdom,https://flok.health,,engineering / founders,Healthtech / digital health software company hiring engineers.,11-50,LinkedIn,Product Software Engineer (All levels)
599,Forrit,"Edinburgh, Scotland, United Kingdom",United Kingdom,https://www.forrit.com,,agency leadership / hiring,Forrit is the secure and scalable Content Management System (CMS) built specifi...,51-100,LinkedIn,Full Stack .Net Developer
600,Geeky Tech,"Guildford, England, United Kingdom",United Kingdom,https://www.geekytech.co.uk,,engineering / agency lead,Digital agency hiring web/software developers.,11-50,LinkedIn,SEO Content Writer
601,Gleann Mor Spirits Company,Greater Edinburgh Area,United Kingdom,https://www.gmspirits.co.uk,,engineering / agency lead,Digital agency hiring web/software developers.,11-50,LinkedIn,Digital Trading Executive
602,hackajob,"Glasgow, Scotland, United Kingdom",United Kingdom,https://www.hackajob.com,,engineering / agency lead,"hackajob has the AI hiring tools trusted by enterprises, scale-ups, and 1M+ tech professiona...",51-100,LinkedIn,Developer Platform Engineer
603,Head Resourcing,"Glasgow, Scotland, United Kingdom",United Kingdom,https://www.headresourcing.com,,engineering / agency lead,Digital agency hiring web/software developers.,51-100,LinkedIn,Lead Sharedo Developer
604,Hubble HQ,"London, United Kingdom",United Kingdom,https://hubblehq.com,,,UK flexible workspace marketplace software.,11-50,Indeed,Software Engineer
605,Indigo Lune,"Solihull, England, United Kingdom",United Kingdom,https://www.indigolune.com,,agency leadership,Performance marketing / digital agency team hiring Head of Paid Social near Birmingham.,2-10,LinkedIn,Head of Paid Social
606,IQApex Labs,"North Yorkshire, England, United Kingdom",United Kingdom,https://www.iqapexlabs.com,,engineering / founders,"If you are looking for recipes for becoming a &#39;researchpreneur&#39; or an &#39;intrapreneur,&#39; we got you. We make products that solve real...",11-50,LinkedIn,MERN Stack Developer
607,Journi,"Banbury / Birmingham, England, United Kingdom",United Kingdom,https://journi.uk,,engineering lead,"UK software company hiring remote-leaning fullstack developers (React/.NET, Vue/.NET).",11-50,LinkedIn,Fullstack Developer (React/.Net) - UK (Mainly Remote)
608,KnoWho,"Stoke-On-Trent, England, United Kingdom",United Kingdom,https://knowho.co.uk,,engineering / agency lead,UK software/web product company hiring web developers (West Midlands corridor).,2-10,LinkedIn,Web Developer
609,LandTech,"London, United Kingdom",United Kingdom,https://land.tech,,,UK property intelligence SaaS.,11-50,Indeed,Software Engineer
610,Lift,"Birmingham, England, United Kingdom",United Kingdom,,,engineering / agency lead,Birmingham team hiring Full Stack Shopify Developers via LinkedIn Jobs.,2-10,LinkedIn,Full Stack Shopify Developer
611,magic42,"Birmingham, England, United Kingdom",United Kingdom,https://www.magic42.co.uk,,engineering / agency lead,Birmingham Magento and Shopify ecommerce development agency hiring full-stack web developers.,11-50,LinkedIn,Experienced Full Stack Web Developer | PHP | Magento
612,Make Agency,"Greater London, England, United Kingdom",United Kingdom,https://www.makeagency.co.uk,,engineering / agency lead,Digital agency hiring web/software developers.,11-50,LinkedIn,Senior Digital Project Manager
613,MBN Solutions,United Kingdom,United Kingdom,https://www.mbnsolutions.com,,engineering / founders,MBN Solutions helps organisations build high-performing Data &amp; AI capability - from sen...,11-50,LinkedIn,Technical Lead
614,Mobilus Labs,"London, England, United Kingdom",United Kingdom,https://mobiluslabs.com/,,engineering / studio lead,Mobile app studio or product company hiring mobile engineers.,11-50,LinkedIn,Software Engineer (Mobile)
615,Murmuration,"Manchester, England, United Kingdom",United Kingdom,https://www.murmurationsolutions.com,,engineering / founders,Fintech software company hiring engineers for financial products.,11-50,LinkedIn,Payments Integration Specialist
616,Nested,"London, United Kingdom",United Kingdom,https://nested.com,,,UK proptech software company.,11-50,LinkedIn,Software Engineer
617,Own Your Space,"Bolton, England, United Kingdom",United Kingdom,https://ownyourspace.com,,engineering / agency lead,Results-driven digital agency hiring Shopify developers for client storefront builds.,2-10,LinkedIn,Shopify Developer
618,"PACE Anti-Piracy, Inc","Glasgow, Scotland, United Kingdom",United Kingdom,https://www.paceap.com,,engineering / agency lead,Software company / tech team hiring developers (sourced via LinkedIn Jobs).,11-50,LinkedIn,Software Engineer — Linux App Developer
619,Paloma Health,"London Area, United Kingdom",United Kingdom,https://www.paloma.health/,,engineering / founders,Healthtech / digital health software company hiring engineers.,51-100,LinkedIn,Full Stack Engineer
620,Penfold,"Manchester / London, United Kingdom",United Kingdom,https://www.penfold.com,,,UK pensions fintech hiring senior full-stack engineers.,11-50,LinkedIn,Senior Full Stack Engineer
621,PurpleSector,"England, United Kingdom",United Kingdom,https://purplesector.co.uk,,engineering lead,UK software studio hiring full stack engineers.,2-10,LinkedIn,Full Stack Engineer
622,Scaletek,"Birmingham, England, United Kingdom",United Kingdom,https://scaletek.co.uk,,engineering lead,Birmingham software engineering firm hiring senior PHP developers.,2-10,LinkedIn,Senior PHP Developer
623,Seedrs,"London, United Kingdom",United Kingdom,https://www.seedrs.com,,,UK equity investment platform.,11-50,Indeed,Software Engineer
624,The Flex,"Birmingham, England, United Kingdom",United Kingdom,https://theflex.global,,product engineering,Birmingham product/software startup hiring full-stack product engineers.,2-10,LinkedIn,Full-Stack Product Engineer
625,Uniting Ambition,"Manchester, England, United Kingdom",United Kingdom,https://www.unitingambition.com,,agency leadership / hiring,"At Uniting Ambition, we partner with technology...",11-50,LinkedIn,Full Stack Engineer
626,Updraft,"London, United Kingdom",United Kingdom,https://www.updraft.co.uk,,,UK consumer finance/fintech hiring backend developers.,11-50,LinkedIn,Senior Backend Developer (Django/Python)
627,Urban Digital Recruitment Ltd,"London Area, United Kingdom",United Kingdom,https://urbandigitalrecruitment.com/,,founders / engineering,Digital agency hiring web/software developers.,2-10,LinkedIn,Senior Full-Stack Engineer - Foodtech Start-up
628,Userled,"London, United Kingdom",United Kingdom,https://userled.io,,,AI-native B2B GTM orchestration SaaS hiring product engineers.,11-50,LinkedIn,Product Engineer
629,VENDED,"West Midlands, England, United Kingdom",United Kingdom,https://vended.co.uk,,founders,Growing West Midlands ecommerce/software venture posting speculative hiring for future tech roles.,2-10,LinkedIn,We’re not hiring right now — but we’re growing fast.
630,Zuma Labs,"London Area, United Kingdom",United Kingdom,https://www.zumaltd.com,,engineering / founders,Software company / tech team hiring developers (sourced via LinkedIn Jobs).,2-10,LinkedIn,Backend Engineer
631,10x,"San Francisco, CA",United States,https://www.10xdental.com,,engineering hiring,AI Sales Teams for Dental Practices,~2,LinkedIn,Founding Engineer / Software Engineer
632,10x Science,"San Francisco, CA",United States,https://10xscience.com,,engineering hiring,"The AI-native platform for next-generation protein characterization. Tags: SaaS, B2B, Biotech, AI",~3,LinkedIn,Founding Engineer / Software Engineer
633,a0.dev,"San Francisco, CA",United States,https://a0.dev,,engineering hiring,"We make mobile apps using AI. Tags: Artificial Intelligence, Developer Tools, Generative AI, Design",~3,LinkedIn,Founding Engineer / Software Engineer
634,Abundant,"San Francisco, CA",United States,https://www.abundant.ai,,engineering hiring,"Agent simulation and RL for researchers Tags: AIOps, Artificial Intelligence, API, AI",1-10,LinkedIn,Founding Engineer / Software Engineer
635,Adam,"San Francisco, CA",United States,https://adam.new,,engineering hiring,"AI Powered CAD Tags: Hardware, Design, AI",~4,LinkedIn,Founding Engineer / Software Engineer
636,Adaptional,"San Francisco, CA",United States,https://www.adaptional.com,,engineering hiring,"AI-powered insurance claims review Tags: AIOps, Artificial Intelligence, Insurance, Enterprise, Enterprise Software",1-20,LinkedIn,Founding Engineer / Software Engineer
637,Adidev Technologies,"Austin, TX",United States,https://adidevtechnologies.com,,hiring,Mobile development services firm hiring Android developers in Austin.,11-50,Indeed,Jr - Mid Android Mobile Developer
638,Aemon,"San Francisco, CA",United States,https://aemon.ai,,engineering hiring,The Forward-Deployed AI Research Engineer,~3,LinkedIn,Founding Engineer / Software Engineer
639,AfterQuery,"San Francisco, CA",United States,https://afterquery.com,,engineering hiring,"Applied research lab curating data solutions for foundation model… Tags: Artificial Intelligence, B2B, Data Labeling, Big Data, AI",11-50,LinkedIn,Founding Engineer / Software Engineer
640,AgentMail,"San Francisco, CA",United States,https://agentmail.to,,engineering hiring,"Email Inboxes for AI Agents Tags: Developer Tools, API, Email",1-10,LinkedIn,Founding Engineer / Software Engineer
641,Agile Six,"Washington, DC",United States,https://agilesix.com,,hiring,Service-disabled veteran-owned digital services firm building VA.gov experiences.,11-50,LinkedIn,Fullstack Engineer
642,AI Fund,"San Francisco, CA",United States,https://www.aifund.ai/,,engineering / agency lead,"AI Fund is a venture studio. We collaborate with entrepreneurs, venture funds, and corporate partners to ...",11-50,LinkedIn,Founding Engineer (AI-Native)
643,AirCaps,"San Francisco, CA",United States,https://aircaps.com,,engineering hiring,The AI copilot for in-person conversations.,~5,LinkedIn,Founding Engineer / Software Engineer
644,Airgoods,United States,United States,https://www.airgoods.com,,hiring,Specialty food wholesale marketplace (11-50) hiring mobile engineer for React Native app.,11-50,LinkedIn,Mobile Engineer
645,Airweave,"San Francisco, CA",United States,https://airweave.ai,,engineering hiring,The open-source context retrieval layer for agents,1-10,LinkedIn,Founding Engineer / Software Engineer
646,Allus AI,"Atlanta, GA",United States,https://allus.ai,,engineering hiring,"Transforming manufacturing with our next-gen Vision Foundation Model Tags: Artificial Intelligence, Machine Learning, SaaS, Computer Vision, Manufacturing",~3,LinkedIn,Founding Engineer / Software Engineer
647,Almond,"San Francisco, CA",United States,https://almond.bot,,engineering hiring,"A dual-arm robot built for physical AI. Tags: Artificial Intelligence, Hardware, Robotics, Manufacturing, Automation",~3,LinkedIn,Founding Engineer / Software Engineer
648,Ambral,"New York City, NY",United States,https://www.ambral.com,,engineering hiring,AI for account management and customer success,~3,LinkedIn,Founding Engineer / Software Engineer
649,Americaneagle.com,"Chicago, IL",United States,https://www.americaneagle.com,,hiring,"Family-owned web design, development, and digital marketing agency hiring WordPress architects.",51-100,Indeed,WordPress Architect
650,Anatta Design,United States (Remote),United States,https://anatta.io,,hiring,Shopify Platinum Partner agency building ecommerce experiences on Shopify Plus.,11-50,Indeed,Shopify Full Stack Developer (Contract)
651,Anchour,"New Gloucester, ME, United States",United States,https://www.anchour.com,,agency lead,Maine digital agency hiring front-end developers for client web/Shopify work.,11-50,LinkedIn,Front-End Developer
652,Andco,"San Francisco, CA",United States,https://www.useandco.com,,engineering hiring,Agents that build personal injury cases,~3,LinkedIn,Founding Engineer / Software Engineer
653,ANORIA,"San Francisco, CA",United States,https://www.anoria.com,,engineering hiring,The first wearable that reads your emotions to enhance your EQ.,~5,LinkedIn,Founding Engineer / Software Engineer
654,AnswerThis,"San Francisco, CA",United States,https://answerthis.io,,engineering hiring,End-to-end workspace to accelerate scientific discovery,1-10,LinkedIn,Founding Engineer / Software Engineer
655,Antigen,"San Francisco, CA",United States,https://antigen.sh,,engineering hiring,"Continuous offensive security for the enterprise. Tags: Artificial Intelligence, Cybersecurity",~5,LinkedIn,Founding Engineer / Software Engineer
656,Aravolta,"San Francisco, CA",United States,https://www.aravolta.com,,engineering hiring,"Software to monitor, control, and optimize data centers. Tags: Enterprise Software, Cloud Computing, Monitoring",~4,LinkedIn,Founding Engineer / Software Engineer
657,Archon,"San Francisco, CA",United States,https://archon.inc,,engineering hiring,"We help software companies sell to government. Tags: GovTech, Compliance, Cybersecurity, Cloud Computing",~3,LinkedIn,Founding Engineer / Software Engineer
658,Ardent,"San Francisco, CA",United States,https://tryardent.com,,engineering hiring,Database sandboxes for Agents,~2,LinkedIn,Founding Engineer / Software Engineer
659,Arlo Industries,"San Francisco, CA",United States,https://arlo1.com,,engineering hiring,"Track drones and missiles without radars - Accurate, Passive, Scalable Tags: Hard Tech, Hardware, Defense",~3,LinkedIn,Founding Engineer / Software Engineer
660,Artifact,"New York City, NY",United States,https://www.artifact.engineer,,engineering hiring,"An Collaborative, AI-native IDE for Hardware Engineers",~3,LinkedIn,Founding Engineer / Software Engineer
661,Arzana,"San Francisco, CA",United States,https://www.arzana.com,,engineering hiring,The autonomous ERP for every manufacturer,~5,LinkedIn,Member of Technical Staff
662,Asendia AI,"San Francisco, CA",United States,https://asendia.ai,,engineering hiring,AI recruiters for staffing agencies,~3,LinkedIn,Product Engineer
663,Asimov,"San Francisco, CA",United States,https://tryasimov.ai,,engineering hiring,Real-world human movement data for humanoid robots,~3,LinkedIn,Founding Engineer / Software Engineer
664,Aspect,"New York City, NY",United States,https://aspect.inc,,engineering hiring,Intelligent media storage for creative teams.,~3,LinkedIn,Founding Engineer / Software Engineer
665,Asteroid,"San Francisco, CA",United States,https://asteroid.ai,,engineering hiring,"AI Browser Workforce for Operations Teams Tags: Robotic Process Automation, Health Tech, B2B, Automation, AI",1-10,LinkedIn,Founding Engineer / Software Engineer
666,Astraea,"San Francisco, CA",United States,https://tryastraea.com,,engineering hiring,AI Operating System for Clinical Development,~2,LinkedIn,Founding Engineer
667,Asylon,"Norristown, PA",United States,https://www.asylonrobotics.com,,hiring,Robotics security startup hiring frontend/UX engineers for autonomous systems software.,11-50,Indeed,Frontend Engineer/UX Engineer
668,AthenaHQ,"San Francisco, CA",United States,https://www.athenahq.ai,,engineering hiring,"Be the Answer in AI Search - AI SEO across SEO, GEO & AEO",11-50,LinkedIn,Founding Engineer / Software Engineer
669,AtlasGrid,"San Francisco, CA",United States,https://atlasgrid.ai,,engineering hiring,Accelerate Product Iteration,1-10,LinkedIn,Founding Engineer / Software Engineer
670,Atlog,"New York, NY",United States,https://atlog.ai,,engineering hiring,Voice AI That Won't Get You Sued,~2,LinkedIn,Founding Engineer / Software Engineer
671,Attune,"San Francisco, CA",United States,https://attunehq.com,,engineering hiring,"Faster builds, zero effort. Tags: Developer Tools, Infrastructure",~3,LinkedIn,Founding Engineer / Software Engineer
672,Auctor,"New York City, NY",United States,https://getauctor.com,,engineering hiring,"The agentic operating system for modern system integrators. Tags: Generative AI, SaaS, Productivity",11-50,LinkedIn,Founding Engineer / Software Engineer
673,Aurorin CAD,"San Francisco, CA",United States,https://aurorincad.com,,engineering hiring,Claude code for Mechanical Engineers,~1,LinkedIn,Founding Engineer / Software Engineer
674,Autonomous Technologies Group,"New York City, NY",United States,https://becomeautonomous.com,,engineering hiring,"Superintelligent financial advisor Tags: Artificial Intelligence, Consumer Finance",1-10,LinkedIn,Founding Engineer / Software Engineer
675,Autosana,"San Francisco, CA",United States,https://autosana.ai,,engineering hiring,"AI agents for E2E testing across mobile & web Tags: Developer Tools, B2B, Enterprise Software, AI",~4,LinkedIn,Founding Engineer / Software Engineer
676,Avallon AI,"New York City, NY",United States,https://www.avallon.ai,,engineering hiring,AI agents for insurance claims operations,1-10,LinkedIn,Founding Engineer / Software Engineer
677,Avent,"San Francisco, CA",United States,https://www.aventindustrial.com,,engineering hiring,AI agents for industrial commerce,~3,LinkedIn,Founding Engineer / Software Engineer
678,Axle Health,"Santa Monica, CA",United States,https://www.axlehealth.com,,engineering / hiring,Healthtech / digital health software company hiring engineers.,11-50,LinkedIn,"Senior Software Engineer, Interoperability"
679,b12 Labs,"San Francisco, CA",United States,https://b12-labs.com,,engineering hiring,"Making hard molecules for Pharma and Biotech Tags: AI-powered Drug Discovery, Robotics",~3,LinkedIn,Founding Engineer / Software Engineer
680,Besimple AI,"San Francisco, CA",United States,https://besimple.ai,,engineering hiring,"Voice data for AI Tags: AIOps, Artificial Intelligence, Data Labeling",1-10,LinkedIn,Founding Engineer / Software Engineer
681,Bild AI,"San Francisco, CA",United States,https://www.bild.ai,,engineering hiring,"AI estimating & detailing for Division 8 doors, frames & hardware",1-10,LinkedIn,Founding Engineer / Software Engineer
682,Blank Bio,"San Francisco, CA",United States,https://blank.bio,,engineering hiring,RNA intelligence for precision medicine,1-10,LinkedIn,Founding Engineer / Software Engineer
683,Blaxel,"San Francisco, CA",United States,https://blaxel.ai,,engineering hiring,"The perpetual sandbox platform Tags: Artificial Intelligence, Developer Tools, Cloud Computing, Infrastructure",1-10,LinkedIn,Founding Engineer / Software Engineer
684,Blissway,"Denver, CO",United States,https://blissway.com,,hiring,Tolling and highway safety startup (~20 people) hiring full-stack engineers.,~20,LinkedIn,Full-Stack Engineer
685,Bluejay,"San Francisco, CA",United States,https://getbluejay.ai,,engineering hiring,"Test, monitor, and improve your voice and chat AI agents Tags: AI",1-10,LinkedIn,Founding Engineer / Software Engineer
686,BluShark Digital,Washington DC-Baltimore Area,United States,https://blusharkdigital.com/,,engineering / agency lead,WordPress / web development company or agency hiring CMS and custom web developers.,51-100,LinkedIn,Website Project Specialist (WordPress & SEO)
687,Booko,"San Francisco, CA",United States,https://bookoapp.com,,engineering hiring,Dynamically pricing the whole economy.,~2,LinkedIn,Founding Engineer / Software Engineer
688,BootLoop,"San Francisco, CA",United States,https://bootloop.ai,,engineering hiring,"Firmware in minutes, not months - rigorously tested on real hardware",~3,LinkedIn,Founding Engineer / Software Engineer
689,Bravi,"San Francisco, CA",United States,https://www.bravi.app,,engineering hiring,"The AI operating system powering home services businesses Tags: B2B, Manufacturing, Automation, Home Services, AI Assistant",~2,LinkedIn,Founding Engineer / Software Engineer
690,Browser Use,"San Francisco, CA",United States,https://browser-use.com,,engineering hiring,"Leading open-source web agent project with 50k stars in 3 months Tags: Artificial Intelligence, Open Source, API, Automation",1-10,LinkedIn,Founding Engineer / Software Engineer
691,Bud,"San Francisco, CA",United States,https://bud.app,,engineering hiring,Agent with a computer,1-10,LinkedIn,Founding Engineer / Software Engineer
692,burnt,"San Francisco, CA",United States,https://getburnt.ai,,engineering hiring,"Agentic Operating System for Food Supply Chain Tags: Supply Chain, Food Tech, AI",~3,LinkedIn,Founding Engineer / Software Engineer
693,C1,"Portland, OR",United States,https://www.c1.ai/,,agency leadership / hiring,C1 (formerly ConductorOne) C1 powers the transition to the agentic enterprise with secure a...,51-100,LinkedIn,Software Engineer
694,Calltree,"San Francisco, CA",United States,https://calltree.ai,,engineering hiring,"Enterprise-grade AI support reps for call centers Tags: Generative AI, SaaS, B2B, Customer Service, AI",11-50,LinkedIn,Founding Engineer / Software Engineer
695,Candid Health,"California, United States",United States,https://candidhealth.com,,founders / engineering,Healthtech / digital health software company hiring engineers.,51-100,LinkedIn,Software Engineer
696,Candle,"New York City, NY",United States,https://www.trycandle.app,,engineering hiring,"Candle helps friends and couples grow closer daily in just 5 minutes. Tags: Artificial Intelligence, Consumer, AI",~2,LinkedIn,Founding Engineer / Software Engineer
697,Candor,"San Francisco, CA",United States,https://candor.security,,engineering hiring,"Protect your data and stop insider risk Tags: Artificial Intelligence, Cybersecurity",~3,LinkedIn,Founding Engineer / Software Engineer
698,Capy,"San Francisco, CA",United States,https://capy.ai,,engineering hiring,"The IDE for the parallel age Tags: AI, AI Assistant",1-10,LinkedIn,Founding Engineer / Software Engineer
699,Cardboard,"San Francisco, CA",United States,https://usecardboard.com,,engineering hiring,Agentic video editor,~4,LinkedIn,Founding Engineer / Software Engineer
700,Careforce,"San Francisco, CA",United States,https://careforce.ai,,engineering hiring,"AI Workers for Healthcare Orgs to Find, Call & Schedule More Patients. Tags: Health Tech, Healthcare, Healthcare IT, Call Center, AI",1-10,LinkedIn,Founding Engineer / Software Engineer
701,CareSwift,"New York City, NY",United States,https://www.careswift.com,,engineering hiring,AI scribe for Ambulance Reports,~2,LinkedIn,Founding Engineer / Software Engineer
702,Cascade Space,"San Francisco, CA",United States,https://cascadespace.com,,engineering hiring,"Commercial alternative to the Deep Space Network Tags: Hard Tech, Hardware, SaaS, Aerospace, Industrial",1-10,LinkedIn,Founding Engineer / Software Engineer
703,CatchBack Cards,"San Francisco, CA",United States,https://catchbackcards.com,,engineering hiring,The most thrilling way to create and rip digital collectible packs,1-10,LinkedIn,Founding Engineer / Software Engineer
704,Caxy,"Chicago, IL",United States,https://caxy.com,,hiring,Chicago product development studio / custom software agency.,11-50,LinkedIn,Senior Full Stack Software Developer
705,Cekura,"San Francisco, CA",United States,https://www.cekura.ai,,engineering hiring,"Voice AI and Chat AI agents: Testing and Observability Tags: Developer Tools, SaaS, B2B",11-50,LinkedIn,Software Engineer
706,CellType,"New York City, NY",United States,https://www.celltype.com,,engineering hiring,The agentic drug company. We simulate human biology.,~2,LinkedIn,Founding Engineer / Software Engineer
707,Chasi,"San Francisco, CA",United States,https://chasi.ai,,engineering hiring,AI Revenue Engine for the Equipment Industry,~2,LinkedIn,Founding Engineer / Software Engineer
708,Chestnut,"San Francisco, CA",United States,https://chestnutmortgage.com,,engineering hiring,"The first AI mortgage lender Tags: Fintech, Real Estate, Consumer, AI",~2,LinkedIn,Founding Engineer / Software Engineer
709,chrt,"Los Angeles, CA",United States,https://chrt.com,,engineering hiring,"chrt is a logistics platform for time-critical shipping Tags: Autonomous Shipping, Logistics, Healthcare, Manufacturing, Industrial",~5,LinkedIn,Founding Engineer / Software Engineer
710,Ciphertext Solutions,"North Carolina, United States",United States,https://www.issuedirect.com,,engineering / studio lead,Fintech software company hiring engineers for financial products.,11-50,LinkedIn,Mobile Engineer
711,Circadia Health,"Los Angeles, CA",United States,https://circadia.health,,engineering / founders,Healthtech / digital health software company hiring engineers.,51-100,LinkedIn,Senior Software Engineer
712,Claim Health,"New York, NY",United States,https://www.claimhealth.com,,engineering hiring,AI Revenue Platform for Post-Acute Care Tags: Healthcare,1-10,LinkedIn,Founding Engineer / Software Engineer
713,Claire Bahn Group,United States (Remote),United States,https://clairebahn.com,,hiring,Marketing agency seeking WordPress developers for client websites.,1-20,Indeed,WordPress Developer- US
714,Clara,"San Francisco, CA",United States,https://askclara.com,,engineering hiring,AI primary care doctor,1-10,LinkedIn,Founding Engineer / Software Engineer
715,Clarity Ventures,"Austin, TX",United States,https://www.clarity-ventures.com,,engineering / agency lead,Software company / tech team hiring developers (sourced via LinkedIn Jobs).,51-100,LinkedIn,Front End Web Developer
716,Clicks,"San Francisco, CA",United States,https://goclicks.ai,,engineering hiring,AI agents for your back-office operations. Tags: AI,1-10,LinkedIn,Founding Engineer / Software Engineer
717,Closure,"New York City, NY",United States,https://closure-intel.com,,engineering hiring,"We help law enforcement solve crime Tags: Artificial Intelligence, GovTech",1-10,LinkedIn,Founding Engineer / Software Engineer
718,Code Four,"San Francisco, CA",United States,https://codefour.us,,engineering hiring,"Modernizing the police workflow. Tags: Artificial Intelligence, GovTech, Computer Vision",~3,LinkedIn,Founding Engineer / Software Engineer
719,Comeryx,"Denver, CO",United States,,,hiring,Insurance technology startup hiring founding software engineer for PAS/AI workflows.,1-10,LinkedIn,Founding Software Engineer
720,ConductorAI,"New York, NY",United States,https://conductorai.co,,hiring,AI automation for government/enterprise approval workflows.,11-50,LinkedIn,Full Stack Software Engineer
721,Confident AI,"San Francisco, CA",United States,https://confident-ai.com,,engineering hiring,"The LLM Eval and Observability Platform for AI Quality Tags: Developer Tools, Generative AI, Open Source, AI",1-10,LinkedIn,Founding Engineer / Software Engineer
722,Contrario,"San Francisco, CA",United States,https://contrario.ai,,engineering hiring,"AI hiring platform powered by expert recruiters Tags: Artificial Intelligence, SaaS, Recruiting",11-50,LinkedIn,Founding Engineer / Software Engineer
723,Convexia,"San Francisco, CA",United States,https://convexia.bio,,engineering hiring,"The world's first AI-maximalist pharma company Tags: AI-powered Drug Discovery, Biotech, Drug Delivery",~4,LinkedIn,Founding Engineer / Software Engineer
724,Counsel Health,"New York, NY",United States,https://www.counselhealth.com,,engineering / founders,Healthtech / digital health software company hiring engineers.,11-50,LinkedIn,Software Engineer (Fullstack)
725,Craft Digital,"Time, IL",United States,https://www.craftdigital.ai,,founders / engineering,Mobile app studio or product company hiring mobile engineers.,2-10,LinkedIn,Junior Engineer
726,Cranston AI,"San Francisco, CA",United States,https://www.cranston.ai,,engineering hiring,AI Tax prep and accounting software for CPA firms,~2,LinkedIn,Founding Engineer / Software Engineer
727,Crimson Agility,"Gilbert, AZ",United States,https://crimsonagility.us,,hiring,Digital marketing and Shopify ecommerce development agency.,11-50,Indeed,FullStack Shopify Developer
728,Crunchbase,"Portland, OR",United States,https://www.crunchbase.com/,,agency leadership / hiring,Crunchbase is a predictive solution that provides ...,51-100,LinkedIn,Full Stack Product Manager - Investor & Internal Platforms
729,CTGT,"San Francisco, CA",United States,https://www.ctgt.ai,,engineering hiring,"The deterministic layer for frontier intelligence Tags: B2B, Enterprise, AI",1-10,LinkedIn,Founding Engineer / Software Engineer
730,Cua,"San Francisco, CA",United States,https://cua.ai,,engineering hiring,Give every agent a cloud desktop Tags: Open Source,~3,LinkedIn,Founding Engineer / Software Engineer
731,Cumulus Labs,"San Francisco, CA",United States,https://cumuluslabs.io,,engineering hiring,The Fastest Multimodal Inference OS,~2,LinkedIn,Founding Engineer / Software Engineer
732,Dalus,"San Francisco, CA",United States,https://dalus.io,,engineering hiring,AI-Powered Hardware System Design Software,~3,LinkedIn,Founding Engineer / Software Engineer
733,Dedalus Labs,"San Francisco, CA",United States,https://www.dedaluslabs.ai,,engineering hiring,"Compute substrate for AI agents Tags: Artificial Intelligence, Developer Tools, Workflow Automation, DevOps",1-10,LinkedIn,Founding Engineer / Software Engineer
734,DeepGrove,"San Francisco, CA",United States,https://deepgrove.ai,,engineering hiring,Frontier Intelligence. On Any Device.,~3,LinkedIn,Founding Engineer / Software Engineer
735,Deeptrace,"San Francisco, CA",United States,https://deeptrace.com,,engineering hiring,AI agents for on-call,~4,LinkedIn,Founding Engineer / Software Engineer
736,Dekstech,United States (Remote),United States,https://dekstech.com,,hiring,"Shopify development and design agency for custom storefronts, migrations, and CRO.",1-20,Indeed,Shopify Designer
737,DemandPDX,"Portland, OR",United States,https://demandpdx.com,,hiring,Salesforce Crest and Shopify Plus partner ecommerce agency.,11-50,Indeed,Shopify - Senior Developer
738,Dex,"San Francisco, CA",United States,https://joindex.com,,engineering hiring,"The AI Coworker in Chrome Tags: Artificial Intelligence, Productivity, Consumer Products, AI",~2,LinkedIn,Founding Engineer / Software Engineer
739,Didit,"San Francisco, CA",United States,https://didit.me,,engineering hiring,Infrastructure for identity and fraud.,11-50,LinkedIn,Founding Engineer / Software Engineer
740,Digipals,"San Francisco, CA",United States,https://www.digipals.app,,engineering hiring,"The future of Social in the age of AI Tags: Consumer, Social Media, Social, Social Network, AI",~3,LinkedIn,Founding Engineer / Software Engineer
741,DiligenceSquared,"New York City, NY",United States,https://diligencesquared.com,,engineering hiring,"AI-powered market due diligence for investment decisions Tags: Artificial Intelligence, Analytics, Market Research",~3,LinkedIn,Founding Engineer / Software Engineer
742,Edexia,"San Francisco, CA",United States,https://www.edexia.com,,engineering hiring,"AI Teacher Assistant for Grading Essays Tags: AI-Enhanced Learning, Artificial Intelligence, Education, SaaS, AI Assistant",~4,LinkedIn,Founding Engineer / Software Engineer
743,Edgewater Federal Solutions,"Albuquerque, NM",United States,https://www.edgewaterfederal.com,,hiring,Federal solutions firm hiring full stack WordPress developers (Indeed remote).,51-100,Indeed,Full Stack WordPress Developer
744,EffiGov,"San Francisco, CA",United States,https://effigov.com,,engineering hiring,"The AI OS for Cities Tags: Artificial Intelligence, GovTech",~3,LinkedIn,Founding Engineer / Software Engineer
745,eino.ai,"New York, NY",United States,https://www.eino.ai,,founders / engineering,Eino is the shortest path to intelligent connectivity—ena...,11-50,LinkedIn,Senior Edge + Backend Software Engineer
746,Eloquent AI,"San Francisco, CA",United States,https://www.eloquentai.co,,engineering hiring,"The AI Operator for Financial Services Tags: Fintech, B2B, Enterprise, AI",~5,LinkedIn,Founding Engineer / Software Engineer
747,Emergent Software,"Austin, TX",United States,https://emergentsoftware.net,,hiring,Microsoft-stack full-stack and data engineering services firm.,11-50,Indeed,Lead Software Engineer
748,EnGen,United States (Remote),United States,https://www.engen.com,,hiring,B Corp AI-powered English learning platform for workforce development.,11-50,LinkedIn,Full-Stack Software Engineer
749,Enhanced Radar,"San Francisco, CA",United States,https://www.enhancedradar.com,,engineering hiring,AI for air traffic control,~2,LinkedIn,Founding Engineer / Software Engineer
750,EnthuZiastic,United States (Remote),United States,https://enthuaziastic.com,,hiring,Edtech/platform company posting React and WordPress developer roles on Indeed remote.,11-50,Indeed,React.js / Svelte Engineer - Remote Job
751,Ergo,"San Francisco, CA",United States,https://joinergo.com,,engineering hiring,"AI agents and unified data layer for revenue teams Tags: SaaS, B2B, Sales, AI",1-20,LinkedIn,Founding Engineer / Software Engineer
752,Etched,"San Jose, CA",United States,https://www.etched.com,,hiring,AI chip / software startup hiring core software engineers.,11-50,Indeed,Core Software Engineer
753,Exonic,"San Francisco, CA",United States,https://exonic.ai,,engineering hiring,Unsupervised Biological AI,~3,LinkedIn,Founding Engineer / Software Engineer
754,F2,"New York, NY",United States,https://f2.ai,,engineering hiring,The AI platform for private markets investors Tags: AI,11-50,LinkedIn,Founding Engineer / Software Engineer
755,Fenrock AI,"San Francisco, CA",United States,https://fenrock.ai,,engineering hiring,"AI agents for banks Tags: Artificial Intelligence, Fintech, AI",~2,LinkedIn,Founding Engineer / Software Engineer
756,Fifth Door,"San Francisco, CA",United States,https://fifthdoor.com,,engineering hiring,"Create and play games with AI Tags: Consumer, Gaming, AI",~3,LinkedIn,Founding Engineer / Software Engineer
757,Flai,"San Francisco, CA",United States,https://www.useflai.com,,engineering hiring,We Bring Customers to Your Dealership,11-50,LinkedIn,Founding Engineer / Software Engineer
758,Fleetline,"New York City, NY",United States,https://fleetline.ai,,engineering hiring,"Optimizing fleet planning with data driven algorithms Tags: Artificial Intelligence, Logistics, Supply Chain, Data Science",11-50,LinkedIn,Founding Engineer / Software Engineer
759,Flexon Technologies Talent360.ai,"Austin, TX",United States,https://www.flexontechnologies.com/,,agency leadership / hiring,Flexon Technologies is a leading end-to-end technology solutions provider to the IT and Non-IT industry. We specialize in pro...,51-100,LinkedIn,AEM Developer
760,Flick,"San Francisco, CA",United States,https://flick.art,,engineering hiring,"We Handle AI. You Direct Films. Tags: Artificial Intelligence, Creator Economy",~2,LinkedIn,Founding Engineer / Software Engineer
761,Floot,"San Francisco, CA",United States,https://floot.com,,engineering hiring,"The easiest way for non-coders to build apps with AI. Tags: SaaS, No-code, Web Development, AI",~4,LinkedIn,Founding Engineer / Software Engineer
762,Flowtel,"San Francisco, CA",United States,https://flowtel.ai,,engineering hiring,The AI Voice agents for hotels,~5,LinkedIn,Founding Engineer / Software Engineer
763,FPW Media,"Springfield, OR, United States",United States,https://fpwmedia.com,,agency lead,Oregon digital media agency hiring lead web specialists for ecommerce.,2-10,LinkedIn,Lead Web Specialist
764,Fresco,"San Francisco, CA",United States,https://fresco-ai.com,,engineering hiring,AI copilot for construction estimators,~2,LinkedIn,Founding Software Engineer
765,Freshie & Zero,"Nashville, TN",United States,https://freshieandzero.com,,engineering / agency lead,Software company / tech team hiring developers (sourced via LinkedIn Jobs).,2-10,LinkedIn,Full Time Creative Retail in East Nashville
766,FuseAI,"San Francisco, CA",United States,https://tryfuse.ai,,engineering hiring,#1 AI Platform for Outbound Sales,11-50,LinkedIn,Founding Engineer / Software Engineer
767,"Galactic Resource Utilization Space, Inc. (GRU Space)","San Francisco, CA",United States,https://gru.space,,engineering hiring,Moon Hotel -> The Intergalactic Construction Company of Earth,~5,LinkedIn,Founding Engineer / Software Engineer
768,Geekbears,"Austin, TX",United States,https://geekbears.com,,hiring,Software services firm (11-50) hiring full-stack engineers in Austin.,11-50,Indeed,Senior Full-Stack Engineer
769,GETASAP,"San Francisco, CA",United States,https://www.getasap.us,,engineering hiring,"AI-Native Fresh Produce Logistics Tags: B2B, Logistics, Supply Chain",11-50,LinkedIn,Founding Engineer / Software Engineer
770,Godela,"San Francisco, CA",United States,https://godela.ai,,engineering hiring,"AI Physics Engine to replace simulations and prototypes Tags: Artificial Intelligence, Hard Tech, Hardware, Aerospace, ML",1-10,LinkedIn,Founding Engineer / Software Engineer
771,Gojiberry AI,"San Francisco, CA",United States,https://www.gojiberry.ai,,engineering hiring,AI Go-To-Market agents for B2B teams,1-10,LinkedIn,Founding Engineer / Software Engineer
772,Green Line Digital,United States (Remote),United States,https://greenlinedigital.com,,agency lead,Remote-US digital agency hiring frontend developers for ecommerce builds.,2-10,LinkedIn,Frontend Developer
773,Halluminate,"San Francisco, CA",United States,https://halluminate.ai,,engineering hiring,Data and RL environments to automate knowledge work,~5,LinkedIn,Founding Engineer / Software Engineer
774,Harper,"San Francisco, CA",United States,https://www.harperinsure.com,,engineering hiring,"AI-native commercial insurance brokerage Tags: Fintech, Insurance, AI",11-50,LinkedIn,Founding Engineer / Software Engineer
775,Hedge,"San Francisco, CA",United States,https://www.hedgespecialty.com,,engineering hiring,AI-Native wholesale insurance company,~2,LinkedIn,Founding Engineer / Software Engineer
776,Helios & Partners,"Santa Monica, CA / Remote USA",United States,,,agency lead,US digital agency hiring Shopify developers (onsite or USA remote).,11-50,LinkedIn,"Shopify Developer, Onsite or USA Remote"
777,Hemut,"San Francisco, CA",United States,https://www.hemut.com,,engineering hiring,"AI-powered operating system for trucking companies. Tags: SaaS, Logistics, AI",~3,LinkedIn,Founding Engineer / Software Engineer
778,Heron Data,"New York, NY",United States,https://herondata.io,,engineering / founders,Fintech software company hiring engineers for financial products.,11-50,LinkedIn,Platform Engineer
779,Hex Security,"San Francisco, CA",United States,https://hex.co?utm_source=bookface&utm_medium=referral&utm_campaign=hex-security-profile,,engineering hiring,Agentic Offensive Security at Scale,1-10,LinkedIn,Founding Engineer / Software Engineer
780,Highland Group,"Grand Rapids, MI, United States",United States,,,agency lead,Michigan digital agency hiring digital experience developers.,11-50,LinkedIn,Digital Experience Developer
781,hillclimb,"San Francisco, CA",United States,https://hillclimb.com,,engineering hiring,Training Data for Recursive Self-Improvement Tags: Reinforcement Learning,~4,LinkedIn,Founding Engineer / Software Engineer
782,Hiller Measurements,"Austin, TX",United States,https://hillermeasurements.com,,hiring,Austin engineering/software firm (11-50) with software engineer postings on Indeed.,11-50,Indeed,Software Engineer
783,HirexHire,"Chicago, IL",United States,https://hirexhire.com,,hiring,Ops/people platform posting React Native senior engineer roles on Indeed Chicago.,11-50,Indeed,Sr. Software Engineer (React Native)
784,Hot House Digital,United States (Remote),United States,,,hiring,Digital agency hiring SEO/website optimization specialists alongside developers.,1-20,Indeed,SEO Specialist / Website Optimization Specialist
785,Hub,"San Francisco, CA",United States,https://hub.xyz,,engineering hiring,"Real-world training data for frontier AI labs and robotics. Tags: Robotics, Crowdsourcing, Big Data, Infrastructure, AI",1-10,LinkedIn,Founding Engineer / Software Engineer
786,hud,"San Francisco, CA",United States,https://www.hud.ai,,engineering hiring,"Platform for building RL environments and evals Tags: Reinforcement Learning, AI",11-50,LinkedIn,Founding Engineer / Software Engineer
787,Human Archive,"San Francisco, CA",United States,https://www.humanarchive.ai,,engineering hiring,Multimodal data provider for robotics and world modeling,~4,LinkedIn,Founding Engineer / Software Engineer
788,HumanLayer,"San Francisco, CA",United States,https://humanlayer.com,,engineering hiring,"Ship 2-3x faster without AI slopping up your codebase Tags: Artificial Intelligence, Developer Tools",~2,LinkedIn,Founding Engineer / Software Engineer
789,Humoniq,"Boulder, CO",United States,,,hiring,YC S25 startup building AI systems for travel/transport; hiring founding backend engineer.,1-10,LinkedIn,Back-End Engineer
790,Humwork,"San Francisco, CA",United States,https://humwork.ai,,engineering hiring,Human experts as API for AI Agents,~2,LinkedIn,Founding Engineer / Software Engineer
791,Huscarl,"San Francisco, CA",United States,https://www.huscarl.io,,engineering hiring,AI-native actuary enabling self-insurance for corporations,~2,LinkedIn,Founding Engineer / Software Engineer
792,Hypercubic,"San Francisco, CA",United States,https://www.hypercubic.ai,,engineering hiring,Agentic AI for Mainframe Operations and Modernization,~3,LinkedIn,Founding Engineer / Software Engineer
793,Hyperspell,"San Francisco, CA",United States,https://hyperspell.com,,engineering hiring,"Your Company Brain Tags: Machine Learning, SaaS, Data Engineering, AI",1-10,LinkedIn,Founding Engineer / Software Engineer
794,Icarus,"Los Angeles, CA",United States,https://www.icarus.one,,engineering hiring,"Stratospheric birds for defense Tags: Hardware, Aerospace",11-50,LinkedIn,Founding Engineer / Software Engineer
795,Idler,"San Francisco, CA",United States,https://idler.ai,,engineering hiring,Reinforcement learning environments. Tags: Reinforcement Learning,11-50,LinkedIn,Founding Engineer / Software Engineer
796,Imagine AI,"San Francisco, CA",United States,https://imagineai.me,,engineering hiring,"We reverse engineer B2B growth, starting with LinkedIn. Tags: Artificial Intelligence, B2B, Sales, Marketing",~5,LinkedIn,Founding Engineer / Software Engineer
797,Imprezia,"San Francisco, CA",United States,https://imprezia.ai,,engineering hiring,The World's First AI Ad Network.,~4,LinkedIn,Founding Engineer / Software Engineer
798,In-Depth Engineering Corporation,"King of Prussia, PA",United States,https://www.indepth.com,,hiring,Engineering firm hiring frontend and backend software engineers.,51-100,Indeed,"Frontend Software Engineers - King of Prussia, PA"
799,Infinite,"San Francisco, CA",United States,https://infinite.dev,,engineering hiring,"Global B2B Stablecoin Processor Tags: Developer Tools, Payments, B2B, Compliance",~4,LinkedIn,Founding Engineer / Software Engineer
800,Insite Building Services,"Clearwater, FL",United States,,,hiring,Building services tech team hiring lead full-stack engineer.,11-50,Indeed,Lead Full-Stack Engineer
801,Intelligence Factory,"San Francisco, CA",United States,https://intelligence-factory.com,,engineering hiring,Human Intelligence for Robots,~5,LinkedIn,Founding Engineer / Software Engineer
802,Interface,"New York, NY",United States,https://www.theinterface.com,,engineering hiring,Building onestop.sh Tags: AI,~2,LinkedIn,Founding Engineer / Software Engineer
803,Interfere,"New York, NY",United States,https://interfere.com,,engineering hiring,"Production visibility for teams that ship fast Tags: Artificial Intelligence, Developer Tools, Design",1-10,LinkedIn,Founding Engineer / Software Engineer
804,InterProse,United States (Remote),United States,https://www.interprose.com,,hiring,Software firm posting software engineering manager roles on Indeed.,11-50,Indeed,Software Engineering Manager
805,Invictech Inc.,"New Jersey, United States",United States,,,engineering lead,US software firm hiring web developers via LinkedIn Jobs.,2-10,LinkedIn,WEB DEVELOPER
806,IronLedger.ai,"New York City, NY",United States,https://ironledger.ai,,engineering hiring,AI-enabled Corporate Cards and Invoice Processing for Real Estate,~2,LinkedIn,Founding Engineer / Software Engineer
807,item,"San Francisco, CA",United States,https://item.app,,engineering hiring,"The AI-Native CRM that works for you Tags: B2B, Automation, AI Assistant",1-10,LinkedIn,Founding Engineer / Software Engineer
808,Jarmin,"San Francisco, CA",United States,https://jarmin.ai,,engineering hiring,AI Employees for human-level roles,~5,LinkedIn,Fullstack Engineer
809,Juno,"San Francisco, CA",United States,https://junocompanion.com,,engineering hiring,AI Health Assistant for Chronic Illness,~2,LinkedIn,Founding Engineer / Software Engineer
810,Justinian,"San Francisco, CA",United States,https://justinianai.com,,engineering hiring,"Builders of the first AI-native government affairs firm. Tags: GovTech, AI",~2,LinkedIn,Founding Engineer / Software Engineer
811,Kalinda,"San Francisco, CA",United States,https://www.kalinda.ai,,engineering hiring,Deep research for class action law firms,~2,LinkedIn,Founding Engineer / Software Engineer
812,Kalpa Labs,"San Francisco, CA",United States,https://kalpalabs.ai,,engineering hiring,Scaling Generalist Speech models,~2,LinkedIn,Founding Engineer / Software Engineer
813,Kanbrick,"Nashville, TN",United States,https://www.kanbrick.com,,engineering / agency lead,Kanbrick is a long-term investment partnership focused on empowering people and organizations to reach their full pot...,11-50,LinkedIn,Forward Deployed Engineer
814,Karsa,"New York, NY",United States,https://gokarsa.com,,engineering hiring,"Stablecoin neobank for emerging markets Tags: Fintech, Emerging Markets, Cryptocurrency",~2,LinkedIn,Founding Engineer / Software Engineer
815,Kilvin,"New York, NY",United States,https://www.kilvin.ai,,engineering hiring,"Custom software for non-technical teams. Tags: Developer Tools, Productivity, Data Engineering, Automation, AI",~3,LinkedIn,Founding Engineer / Software Engineer
816,Kinro,"San Francisco, CA",United States,https://www.kinro.com,,engineering hiring,Autonomous insurance brokerage for small businesses,~3,LinkedIn,Founding Engineer / Software Engineer
817,Koah,"San Francisco, CA",United States,https://koah.ai,,hiring,Monetization platform for AI apps via contextual ads; 1-10 employees.,1-10,LinkedIn,Software Engineer – Backend
818,KugelAudio,"San Francisco, CA",United States,https://kugelaudio.com/en,,engineering hiring,Kugel is an on-prem Voice AI model supporting 30+ languages,~4,LinkedIn,Founding Engineer / Software Engineer
819,Labric,"San Francisco, CA",United States,https://labric.co,,engineering hiring,The data layer for scientific research,~2,LinkedIn,Founding Engineer / Software Engineer
820,Lance,"San Francisco, CA",United States,https://www.lance.live,,engineering hiring,AI Agents That Run Hotel Operations.,1-10,LinkedIn,Founding Software Engineer
821,Lanesurf,"San Francisco, CA",United States,https://www.lanesurf.com,,engineering hiring,"Book any load in 10 minutes Tags: Artificial Intelligence, B2B, Logistics, Supply Chain, AI",1-10,LinkedIn,Founding Engineer / Software Engineer
822,Leadbay,"San Francisco, CA",United States,https://leadbay.ai,,engineering hiring,"Qualify millions of Data-Signal-Scarce leads that couldn't be found… Tags: B2B, Sales, AI",1-10,LinkedIn,Founding Engineer / Software Engineer
823,Leaping AI,"San Francisco, CA",United States,https://www.leapingai.com,,engineering hiring,"AI voice and texting agents Tags: Artificial Intelligence, B2B, Conversational AI",11-50,LinkedIn,Founding Engineer / Software Engineer
824,Lendzi,"Boca Raton, FL",United States,https://lendzi.com,,hiring,Fintech lending platform hiring senior PHP/Laravel engineers.,11-50,Indeed,Senior PHP / Laravel Engineer
825,Lightberry,"San Francisco, CA",United States,https://lightberry.com,,engineering hiring,"The social brain for robots. Tags: Hard Tech, Hardware, Robotics, Design, Conversational AI",~3,LinkedIn,Founding Engineer / Software Engineer
826,Lightfield,"San Francisco, CA",United States,https://lightfield.app,,hiring,B2B collaboration platform for founders capturing customer interactions.,11-50,LinkedIn,Software Engineer
827,Liva AI,"San Francisco, CA",United States,https://www.theliva.ai,,engineering hiring,"Audio & Video Data Tags: Marketplace, B2B, Data Labeling, Big Data, AI",~4,LinkedIn,Founding Engineer / Software Engineer
828,Locata,"New York City, NY",United States,https://www.locatahealth.com,,engineering hiring,AI Referral Automation for Primary Care Clinics,~4,LinkedIn,Founding Engineer / Software Engineer
829,"LOUISVILLE GEEK, LLC","Louisville, KY, United States",United States,https://louisvillegeek.com,,agency lead,Louisville digital agency hiring web developers.,11-50,LinkedIn,Web Developer
830,Lumari,"San Francisco, CA",United States,https://www.lumari.ai,,engineering hiring,"AI Digital Workers for Supply Chain Tags: B2B, Manufacturing, Supply Chain, Operations, AI",~5,LinkedIn,Founding Engineer / Software Engineer
831,Lumijes Technologies,"Gainesville, FL",United States,,,hiring,Florida tech firm posting multiple senior software engineer openings.,1-50,Indeed,Senior Software Engineer
832,Luminal,"San Francisco, CA",United States,https://luminal.com,,engineering hiring,"Making AI run fast on any hardware. Tags: AIOps, Developer Tools, Cloud Computing, AI",~5,LinkedIn,Founding Engineer / Software Engineer
833,Lumius,"Durham, NC",United States,https://www.lumius-imaging.com,,engineering hiring,"Fast, smart, accessible 3D ultrasound that anyone can use",~4,LinkedIn,Founding Engineer / Software Engineer
834,Luthor,"San Francisco, CA",United States,https://luthor.ai,,engineering hiring,"Real-time governance for enterprise communications Tags: B2B, Compliance, Marketing, Regtech, AI",~3,LinkedIn,Founding Engineer / Software Engineer
835,Magnetic,"San Francisco, CA",United States,https://www.magnetictax.com,,engineering hiring,AI Tax Preparer for CPA firms,1-10,LinkedIn,Founding Engineer / Software Engineer
836,MangoDesk,"San Francisco, CA",United States,https://www.mangodesk.com,,engineering hiring,Long-horizon RL environments Tags: AI,~2,LinkedIn,Founding Engineer / Software Engineer
837,Manicule,"San Francisco, CA",United States,https://manicule.dev,,engineering hiring,AgentRel — Devrel For Agents,~5,LinkedIn,Founding Engineer / Software Engineer
838,Mantis,"New York City, NY",United States,https://mantisbiotech.com,,engineering hiring,Digital Twins of humans,~3,LinkedIn,Founding Engineer / Software Engineer
839,Manufact,"San Francisco, CA",United States,https://manufact.com,,engineering hiring,"Cloud infrastructure for MCP servers and Claude / ChatGPT apps. Tags: Developer Tools, B2B, Open Source, Infrastructure, AI",~5,LinkedIn,Founding Engineer / Software Engineer
840,Maritime Fusion,"San Francisco, CA",United States,https://maritimefusion.com,,engineering hiring,"Fusion reactors for ships Tags: Fusion Energy, Hard Tech, Energy",1-10,LinkedIn,Founding Engineer / Software Engineer
841,Maywood,"New York City, NY",United States,https://maywoodai.com,,engineering hiring,The first finance-compliant proactive AI that runs 24/7,~5,LinkedIn,Founding Engineer / Software Engineer
842,Mbodi AI,"New York, NY",United States,https://www.mbodi.ai,,engineering hiring,"Industrial Robots that Learn and Operate Like Humans Tags: Robotics, Automation, AI",1-10,LinkedIn,Founding Engineer / Software Engineer
843,Mendral,"San Francisco, CA",United States,https://mendral.com,,engineering hiring,AI DevOps Engineer,~2,LinkedIn,Founding Engineer / Software Engineer
844,Mesh,"San Francisco, CA",United States,https://www.usemesh.com,,engineering hiring,"Eliminating accrual spreadsheets for faster month-end Tags: FinOps, Fintech, Finance, AI",~3,LinkedIn,Founding Engineer / Software Engineer
845,MindFort,"Los Angeles, CA",United States,https://mindfort.ai/?utm_source=ycombinator&utm_medium=referral&utm_campaign=yc,,engineering hiring,Autonomous Security Agents,~5,LinkedIn,Founding Engineer / Software Engineer
846,Minerva,"San Francisco, CA",United States,https://www.tryminerva.ai,,engineering hiring,AI native accounting firm,~5,LinkedIn,Founding Engineer / Software Engineer
847,Minicor,"San Francisco, CA",United States,https://minicor.com,,engineering hiring,Scalable windows desktop automations,1-10,LinkedIn,Founding Engineer / Software Engineer
848,Miso Labs,"San Francisco, CA",United States,https://misolabs.ai,,engineering hiring,Emotive foundation voice models,~2,LinkedIn,Founding Engineer / Software Engineer
849,Misprint,"New York, NY",United States,https://www.misprint.com,,engineering hiring,"Misprint is building Robinhood for Pokemon cards Tags: Marketplace, Consumer",~4,LinkedIn,Founding Engineer / Software Engineer
850,Mobomo,United States (Remote),United States,https://www.mobomo.com,,hiring,Digital agency/product studio hiring WordPress developers.,11-50,Indeed,WordPress Developer
851,MochaCare,"San Francisco, CA",United States,https://www.mochacare.com,,engineering hiring,Agentic Management Service for Care Organizations,~2,LinkedIn,Founding Engineer / Software Engineer
852,Moritz,"San Francisco, CA",United States,https://moritzlegal.com,,engineering hiring,Global AI-native law firm handling legal work with same-day turnaround,1-10,LinkedIn,Founding Engineer / Software Engineer
853,MorphoAI,"New York, NY",United States,https://morpho.ai,,engineering hiring,"Software tool for designing robots and machines Tags: Robotics, Manufacturing, AI",1-10,LinkedIn,Founding Engineer / Software Engineer
854,Moss,"San Francisco, CA",United States,https://moss.dev,,engineering hiring,"Real-time semantic search for Conversational AI Tags: Artificial Intelligence, Developer Tools, SaaS",~5,LinkedIn,Founding Engineer / Software Engineer
855,Mount,"San Francisco, CA",United States,https://mount.insure,,engineering hiring,The AI Agent Insurance Carrier,~2,LinkedIn,Founding Engineer / Software Engineer
856,MSPilot,"San Francisco, CA",United States,https://mspilot.io,,engineering hiring,"Turn AI adoption into a recurring revenue line. Tags: Generative AI, B2B, No-code, Infrastructure, AI",~3,LinkedIn,Founding Engineer / Software Engineer
857,Multifactor,"San Francisco, CA",United States,https://multifactor.com,,engineering hiring,"Zero-trust authentication, authorization, and auditing for AI agents",1-10,LinkedIn,Founding Engineer / Software Engineer
858,nao Labs,"San Francisco, CA",United States,https://getnao.io,,engineering hiring,"Open Source Analytics Agent Tags: Analytics, Open Source, AI",~2,LinkedIn,Founding Engineer / Software Engineer
859,Nashville Digital Group Inc,Nashville Metropolitan Area,United States,https://www.nashvilledigitalgroup.com,,engineering / agency lead,Digital agency hiring web/software developers.,11-50,LinkedIn,Web Developer
860,Nautilus,"San Francisco, CA",United States,https://nautilus.co,,engineering hiring,AI platform to grow and to optimize car washes,~3,LinkedIn,Founding Engineer / Software Engineer
861,Naïve,"San Francisco, CA",United States,https://usenaive.ai,,engineering hiring,"Unified Agent Infrastructure Tags: Artificial Intelligence, Infrastructure",1-10,LinkedIn,Founding Engineer / Software Engineer
862,Nessie,"San Francisco, CA",United States,https://nessielabs.com,,engineering hiring,"A shared context layer for you, your team, and your agents.",~2,LinkedIn,Founding Engineer
863,Nestor Digital - A RunDTC company,"Lead, SD / Remote USA",United States,,,agency lead,Shopify ecommerce agency (RunDTC) hiring Shopify technical leads.,11-50,LinkedIn,Shopify Technical Lead
864,NexGen Technologies,"Lakewood, CO",United States,,,hiring,Colorado tech firm hiring enterprise solutions architects on Indeed Denver searches.,11-50,Indeed,Enterprise Solutions Architect
865,Nexvel,"Elkins Park, PA",United States,https://nexvel.com,,hiring,Philadelphia-area digital agency hiring React/WordPress web developers in-office.,1-20,Indeed,Web Developer (React / WordPress - In-Office Philadelphia Suburbs)
866,Nitrode,"San Francisco, CA",United States,https://www.nitrode.com,,engineering hiring,"Frontier AI research to advance game development Tags: Machine Learning, B2B, Data Engineering, AI",1-10,LinkedIn,Founding Engineer / Software Engineer
867,Nixo,"San Francisco, CA",United States,https://withnixo.com,,engineering hiring,The first ops platform for forward deployed engineers,~4,LinkedIn,Founding Engineer / Software Engineer
868,"Noctrix Health, Inc.","Pittsburgh, PA",United States,https://www.noctrixhealth.com,,engineering / founders,Healthtech / digital health software company hiring engineers.,11-50,LinkedIn,Senior Full Stack Software Engineer
869,NOSO LABS,"San Francisco, CA",United States,https://noso.so,,engineering hiring,Build AI agents for field technicians to diagnose and sell 10x better Tags: Artificial Intelligence,~3,LinkedIn,Founding Engineer / Software Engineer
870,Novaflow,"San Francisco, CA",United States,https://www.novaflowapp.com,,engineering hiring,The AI data analyst for biology labs,~5,LinkedIn,Founding Engineer / Software Engineer
871,Novoflow,"San Francisco, CA",United States,https://www.novoflow.io,,engineering hiring,AI employees that automate medical operations for clinics.,1-10,LinkedIn,Founding Engineer / Software Engineer
872,Nozomio,"San Francisco, CA",United States,https://www.nozomio.com,,engineering hiring,"product lab solving context in ai Tags: Developer Tools, Consumer, AI",~5,LinkedIn,Founding Engineer / Software Engineer
873,Olive,"San Francisco, CA",United States,https://fromolive.com,,engineering hiring,"Curated stories, every day Tags: Productivity, Team Collaboration, AI",~2,LinkedIn,Founding Engineer / Software Engineer
874,Ombud,"Denver, CO",United States,https://ombud.com,,CEO / hiring,B2B SaaS agentic AI platform for revenue operations / RFP response automation.,11-50,LinkedIn,Senior Full Stack AI Engineer
875,One Robot,"San Francisco, CA",United States,https://www.onerobot.io,,engineering hiring,World models for robot evals and training.,~2,LinkedIn,Founding Engineer / Software Engineer
876,OneApp,"Portland, OR",United States,https://www.oneapp.rentals,,agency leadership / hiring,"OneApp offsets economic housing setbacks with modern, innovative solutions and a goal to house 1M peop...",51-100,LinkedIn,Product Designer - Portland Metro
877,Onlook,"San Francisco, CA",United States,https://onlook.com,,engineering hiring,"Cursor for Designers Tags: Artificial Intelligence, Developer Tools, Design, Design Tools",~4,LinkedIn,Founding Engineer / Software Engineer
878,OpenFunnel,"San Francisco, CA",United States,https://openfunnel.dev,,engineering hiring,"We monitor your TAM and surface companies when custom triggers fire. Tags: SaaS, B2B, Sales Enablement, AI",~4,LinkedIn,Founding Engineer / Software Engineer
879,OpenWork,"San Francisco, CA",United States,https://openworklabs.com,,engineering hiring,The open source alternative to Claude Cowork,~4,LinkedIn,Founding Engineer / Software Engineer
880,Optifye.ai,"San Francisco, CA",United States,https://www.optifye.ai,,engineering hiring,"AI performance monitoring for factory workers Tags: Hard Tech, Computer Vision, Manufacturing",1-10,LinkedIn,Founding Engineer / Software Engineer
881,Optimal Market Technologies,"Chicago, IL",United States,https://optimalmarkettech.com/,,engineering / founders,Optimal Market Technologies is transforming options execution with an innovative platform that empowers four leading market maker...,11-50,LinkedIn,Senior Developer
882,Orange Slice,"San Francisco, CA",United States,https://orangeslice.ai,,engineering hiring,Agentic sales enrichment spreadsheet,~2,LinkedIn,Founding Engineer / Software Engineer
883,Origin Therapy,"San Francisco, CA",United States,,,founders / hiring,YC-style healthtech startup automating pediatric therapy billing and admin with AI; employee #3-4 role.,1-10,LinkedIn,Founding Software Engineer
884,Osmosis,"San Francisco, CA",United States,https://osmosis.ai,,engineering hiring,"Reinforcement Learning (RL) for AI Agents Tags: Artificial Intelligence, Machine Learning, Reinforcement Learning, Infrastructure",1-10,LinkedIn,Founding Engineer / Software Engineer
885,Overdrive Health,"New York City, NY",United States,https://overdrive.health,,engineering hiring,AI-Native Medical Billing Services,~1,LinkedIn,Founding Engineer / Software Engineer
886,Overstand Labs,"New York City, NY",United States,https://overstandlabs.com,,engineering hiring,"Navigate any set of data - no matter how large - in minutes. Tags: Artificial Intelligence, LegalTech, Data Science, Data Engineering, Conversational AI",~4,LinkedIn,Founding Engineer / Software Engineer
887,Paces,"Brooklyn, NY",United States,https://www.paces.com,,hiring,Climate/built-environment software startup hiring full-stack engineers for AI agents.,11-50,LinkedIn,"Software Engineer, Full Stack"
888,Panels,"San Francisco, CA",United States,https://www.usepanels.com,,engineering hiring,Audio Data for AI Labs,~1,LinkedIn,Founding Engineer / Software Engineer
889,Pangolin,"San Francisco, CA",United States,https://pangolin.net,,engineering hiring,"Identity-aware VPN and proxy for remote access to anything, anywhere. Tags: Open Source, Enterprise Software, Networks",~3,LinkedIn,Founding Engineer / Software Engineer
890,Panthalassa,"Portland, OR",United States,https://panthalassa.com,,agency leadership / hiring,Software company / tech team hiring developers (sourced via LinkedIn Jobs).,51-100,LinkedIn,Brand Design Lead
891,Paragon,"San Francisco, CA",United States,https://www.runparagon.com,,engineering hiring,The AI Growth Engine for Industrials,~2,LinkedIn,Founding Engineer / Software Engineer
892,Parasma,"San Francisco, CA",United States,https://parasma.com,,engineering hiring,"Training human brain cells for AI compute Tags: Machine Learning, Neurotechnology, AI",~1,LinkedIn,Founding Engineer / Software Engineer
893,Parrot,"San Francisco, CA",United States,https://parrotapp.com,,engineering hiring,"TikTok for language learning Tags: AI-Enhanced Learning, Education",~3,LinkedIn,Founding Engineer / Software Engineer
894,Pave Robotics,"San Francisco, CA",United States,https://pave-robotics.com,,engineering hiring,Robots that repair roads,~3,LinkedIn,Founding Engineer / Software Engineer
895,Pax Historia,"San Francisco, CA",United States,https://www.paxhistoria.co,,engineering hiring,The first AI-powered grand strategy platform,~3,LinkedIn,Founding Engineer / Software Engineer
896,PAX Markets,"San Francisco, CA",United States,https://pax.markets,,engineering hiring,"More 𝛼, less latency: exchange and HFT on one chip.",1-10,LinkedIn,Founding Engineer / Software Engineer
897,Payna,"San Francisco, CA",United States,https://payna.com,,engineering hiring,AI Licensing Agent for Regulated Industries,~2,LinkedIn,Founding Engineer / Software Engineer
898,Pelica,"San Francisco, CA",United States,https://www.pelica.com,,engineering hiring,"Transforming healthcare operations with AI agents Tags: Artificial Intelligence, B2B, Healthcare, Healthcare IT, AI",~5,LinkedIn,Founding Engineer / Software Engineer
899,Peppr AI,"San Francisco, CA",United States,https://www.usepeppr.ai,,engineering hiring,"In-call AI teleprompter that helps reps close enterprise deals Tags: Sales, Sales Enablement",~4,LinkedIn,Founding Engineer / Software Engineer
900,Per Diem,United States,United States,https://tryperdiem.com,,hiring,YC-backed white-label mobile app platform for SMBs/restaurants hiring React Native engineers.,11-50,LinkedIn,React Native Engineer
901,"PerfectBit, Inc.","San Francisco, CA",United States,https://perfectbit.ai,,engineering hiring,Correct by construction AI training data,~2,LinkedIn,Research Engineer
902,PermitFlow,"New York, NY",United States,https://www.permitflow.com,,hiring,Construction permitting software startup (11-50) hiring software engineers.,11-50,LinkedIn,Software Engineer
903,PermitPortal,"San Francisco, CA",United States,https://permitportalapp.com,,engineering hiring,"AI Operating System for Pre-construction Tags: Real Estate, Construction, AI",~2,LinkedIn,Founding Engineer / Software Engineer
904,Perspectives Health,"Chicago, IL",United States,https://perspectiveshealth.ai,,engineering hiring,"Automating away admin for behavioral health clinics Tags: Workflow Automation, Healthcare, Mental Health, Healthcare IT",~5,LinkedIn,Founding Engineer / Software Engineer
905,PgDog,"San Francisco, CA",United States,https://pgdog.dev,,engineering hiring,Scaling engine for PostgreSQL Tags: Databases,~3,LinkedIn,Founding Engineer / Software Engineer
906,Photonium,"New York City, NY",United States,https://www.photoniumoptics.com,,engineering hiring,"AI-Powered Optical Consulting & Software Tags: Hard Tech, Hardware, Machine Learning, B2B, Manufacturing",~4,LinkedIn,Founding Engineer / Software Engineer
907,Ping Data Intelligence,"Miami, FL",United States,,,hiring,Miami property insurance ML startup hiring senior ML engineers.,1-20,LinkedIn,Senior ML Engineer
908,Pingo,"San Francisco, CA",United States,https://pingo.ai,,engineering hiring,AI companion that helps you learn languages,~4,LinkedIn,Founding Engineer / Software Engineer
909,Piris Labs,"San Francisco, CA",United States,https://pirislabs.io,,engineering hiring,"The Networking Layer of AI Tags: Artificial Intelligence, Hard Tech, Hardware, Infrastructure",1-10,LinkedIn,Founding Engineer / Software Engineer
910,PixeloLabs,"Commerce, MI, United States",United States,https://www.pixelolabs.com,,engineering / agency lead,US software/lab agency hiring web developers.,2-10,LinkedIn,WEB DEVELOPER
911,Ploy,"San Francisco, CA",United States,https://ploy.ai,,engineering hiring,Ploy turns your website into your company's growth engine.,11-50,LinkedIn,Founding Engineer
912,Pluto,"New York City, NY",United States,https://www.pluto.trade,,engineering hiring,"Regulated derivatives exchange Tags: Artificial Intelligence, FinOps, Fintech, Infrastructure",~5,LinkedIn,Founding Engineer / Software Engineer
913,Pocket,"San Francisco, CA",United States,https://heypocket.com/now,,engineering hiring,Take Notes in the Real World,11-50,LinkedIn,Backend Engineer
914,Polymath,"San Francisco, CA",United States,https://polymathlabs.ai,,engineering hiring,Simulation environments to train & evaluate long-horizon AI agents,~2,LinkedIn,Founding Engineer / Software Engineer
915,Preql AI,"New York, NY",United States,https://preql.ai,,hiring,Enterprise AI data platform for cleaning/reconciling ERP/CRM data.,11-50,LinkedIn,Senior Software Engineer
916,primitive,"San Francisco, CA",United States,https://primitive.dev,,engineering hiring,communication for agents,~4,LinkedIn,Founding Engineer / Software Engineer
917,Proception Inc,"San Francisco, CA",United States,https://proception.ai,,engineering hiring,"Making humanoids dexterous enough to thread a needle Tags: Artificial Intelligence, Robotics",1-10,LinkedIn,Founding Engineer / Software Engineer
918,ProcIndex,"San Francisco, CA",United States,https://procindex.com,,engineering hiring,"AI Agents for Accounting Operations Tags: Fintech, Finance, B2B, AI",~4,LinkedIn,Founding Engineer / Software Engineer
919,Proliferate,"San Francisco, CA",United States,https://proliferate.com?utm_source=yc&utm_medium=referral&utm_campaign=profile,,engineering hiring,"Manage a team of agents from your desktop Tags: Developer Tools, SaaS, B2B, AI",1-20,LinkedIn,Founding Engineer / Software Engineer
920,Promptless,"San Francisco, CA",United States,https://promptless.ai,,engineering hiring,"An AI teammate that automatically updates your customer-facing docs Tags: Artificial Intelligence, Developer Tools, Generative AI, SaaS, B2B",~5,LinkedIn,Founding Engineer / Software Engineer
921,Prototyping.io,"San Francisco, CA",United States,https://www.prototyping.io,,engineering hiring,Autonomous manufacturing for mechanical parts,~2,LinkedIn,Founding Engineer / Software Engineer
922,Prox,"San Francisco, CA",United States,https://useprox.com,,engineering hiring,"AI technical support for complex physical products Tags: Artificial Intelligence, Customer Success, E-commerce, Customer Support",1-10,LinkedIn,Founding Engineer / Software Engineer
923,Proximitty,"San Francisco, CA",United States,https://proximitty.ai,,engineering hiring,AI operating system for commercial loans,~2,LinkedIn,Founding Engineer / Software Engineer
924,QualGent,"San Francisco, CA",United States,https://www.qualgent.ai,,engineering hiring,"AI Mobile App Quality Assurance Tester Tags: Artificial Intelligence, B2B, AI",1-10,LinkedIn,Founding Engineer / Software Engineer
925,Quatro Consulting,"Austin, TX",United States,,,hiring,Austin consulting firm posting iOS developer roles.,1-20,Indeed,iOS Developer
926,Ralo,"New York City, NY",United States,https://www.ralo.com,,engineering hiring,"AI-Native Mortgage Broker Tags: Fintech, Consumer Finance, AI",~2,LinkedIn,Founding Engineer / Software Engineer
927,RamAIn,"San Francisco, CA",United States,https://ramain.ai,,engineering hiring,"Automate any UI task with natural language Tags: Artificial Intelligence, Robotic Process Automation, Automation",~4,LinkedIn,Founding Engineer / Software Engineer
928,Raycaster,"New York City, NY",United States,https://raycaster.ai,,engineering hiring,"AI for life sciences documents Tags: Artificial Intelligence, SaaS, Biotech, Enterprise Software",~3,LinkedIn,Founding Engineer / Software Engineer
929,Reacher,"San Francisco, CA",United States,https://reacherapp.com,,engineering hiring,"We automate creator marketing for the world's largest brands Tags: Artificial Intelligence, B2B, E-commerce, Creator Economy",1-10,LinkedIn,Founding Engineer / Software Engineer
930,Rebolt,"San Francisco, CA",United States,https://rebolt.ai,,engineering hiring,"AI-Powered Company OS Tags: Enterprise Software, AI, AI Assistant",~3,LinkedIn,Founding Engineer / Software Engineer
931,Rebulk,"Olathe, KS",United States,https://www.rebulk.com,,engineering hiring,"Accurately measure and monitor bulk inventory Tags: Computer Vision, Supply Chain, Agriculture, AI, Industrial",~3,LinkedIn,Founding Engineer / Software Engineer
932,Rec Technologies,"San Francisco, CA",United States,https://partner.rec.us/,,engineering / founders,Fintech software company hiring engineers for financial products.,11-50,LinkedIn,Senior Software Engineer (Payments and Finance)
933,Reditus Space,"Atlanta, GA",United States,https://www.reditus.space,,engineering hiring,"Reusable Satellites Tags: Hard Tech, Manufacturing, Aerospace",11-50,LinkedIn,Founding Engineer / Software Engineer
934,Relling,"San Francisco, CA",United States,https://relling.co,,engineering hiring,"deploying the first billion robots for manufacturing Tags: Artificial Intelligence, Robotics",1-20,LinkedIn,Founding Engineer / Software Engineer
935,Replicas,"San Francisco, CA",United States,https://tryreplicas.com,,engineering hiring,Run any coding agent harness in the cloud,~2,LinkedIn,Founding Engineer / Software Engineer
936,Replo,"San Francisco, CA",United States,https://www.replo.app,,hiring,YC S21 ecommerce marketing campaign platform (11-50).,11-50,LinkedIn,Software Engineer - Full-Stack
937,Reveal,"Chicago, IL",United States,https://www.revealdata.com,,hiring,Chicago software company hiring senior React engineers (Indeed Chicago).,51-100,Indeed,"Senior Software Engineer, React"
938,Revion,"New York, NY",United States,https://revion.inc,,engineering hiring,"Intelligence for Automotive Operations Tags: Artificial Intelligence, Automotive",1-10,LinkedIn,Founding Engineer / Software Engineer
939,Revise Robotics,"New York City, NY",United States,https://www.reviserobotics.com,,engineering hiring,"Automating refurbishment of $1T in consumer electronics Tags: Robotic Process Automation, ClimateTech, Electronics",~3,LinkedIn,Founding Engineer / Software Engineer
940,Revyl,"San Francisco, CA",United States,https://www.revyl.com,,engineering hiring,"The mobile source of truth Tags: Artificial Intelligence, Developer Tools, B2B, Infrastructure",1-10,LinkedIn,Founding Engineer / Software Engineer
941,Rhizome AI,"New York City, NY",United States,https://rhizomeai.com,,engineering hiring,Agent Platform for Life Sciences,~1,LinkedIn,Founding Engineer / Software Engineer
942,Rise Reforming,"Chicago, IL",United States,https://rise-reforming.com/home,,engineering hiring,"We turn waste gases into valuable supply-secure chemicals Tags: Hard Tech, Smart Waste Management, Alternative Fuels, Renewable Energy, ClimateTech",~4,LinkedIn,Founding Engineer / Software Engineer
943,River Markets,"San Francisco, CA",United States,https://www.rivermarkets.com,,engineering hiring,Prime brokerage for prediction markets,~2,LinkedIn,Founding Engineer / Software Engineer
944,Robby,"Boston, MA",United States,https://tryrobby.com,,engineering hiring,AI agents that grow revenue for home services businesses,~3,LinkedIn,Founding Engineer / Software Engineer
945,Routine,"San Francisco, CA",United States,,,hiring,Consumer app company (11-50) hiring React Native mobile engineer for iOS/Android rewrite.,11-50,LinkedIn,React Native Mobile Engineer
946,Rovi Health,"New York, NY",United States,https://www.rovi.health,,engineering hiring,"AI healthcare concierge for employees Tags: Consumer Health Services, Health Tech, Digital Health, Healthcare, Health Insurance",~3,LinkedIn,Founding Engineer / Software Engineer
947,Rudus,"San Francisco, CA",United States,https://rudus.ai,,engineering hiring,AI Takeoffs for Concrete,~2,LinkedIn,Founding Engineer / Software Engineer
948,RunAnywhere,"San Francisco, CA",United States,https://www.runanywhere.ai,,engineering hiring,The default way of running on-device AI at Scale,~2,LinkedIn,Founding Engineer / Software Engineer
949,Runtime,"San Francisco, CA",United States,https://www.runtm.com,,engineering hiring,"Build and run internal agents, without managing the infrastructure",~3,LinkedIn,Founding Engineer / Software Engineer
950,Ryvn,"New York City, NY",United States,https://ryvn.ai,,engineering hiring,"Easy and secure customer cloud deployments Tags: Developer Tools, SaaS, DevOps, Infrastructure",~5,LinkedIn,Founding Engineer / Software Engineer
951,SalesPatriot,"San Francisco, CA",United States,https://www.salespatriot.com,,engineering hiring,"AI powered operating system for distributors and OEMs Tags: SaaS, B2B, Sales, AI, Industrial",11-50,LinkedIn,Founding Engineer / Software Engineer
952,Salus,"San Francisco, CA",United States,https://www.usesalus.ai,,engineering hiring,"Guardrails to validate your agent's actions before they execute Tags: Developer Tools, B2B, API, Infrastructure, AI",~2,LinkedIn,Founding Engineer / Software Engineer
953,Sava,"New York City, NY",United States,https://www.savahq.com,,engineering hiring,Building the future of trusts,~3,LinkedIn,Founding Engineer / Software Engineer
954,Scotch,"Nashville, TN",United States,https://www.scotchpos.com,,engineering / agency lead,"From neighborhood stores to destination warehouses, liquor retailer...",11-50,LinkedIn,Point of Sale (POS) Installation Technician
955,Scott AI,"New York City, NY",United States,https://tryscott.ai,,engineering hiring,The planning layer for teams that build with coding agents,~3,LinkedIn,Founding Engineer / Software Engineer
956,Scout,"New York, NY",United States,https://scoutforschools.com,,engineering hiring,"AI-powered student information system for K-12 schools Tags: Artificial Intelligence, Education, Workflow Automation",1-10,LinkedIn,Founding Engineer / Software Engineer
957,screenpipe,"San Francisco, CA",United States,https://screenpipe.com,,engineering hiring,"Capture how you work and turn that into agents Tags: Artificial Intelligence, SaaS, B2B, Enterprise, Enterprise Software",1-10,LinkedIn,Founding Engineer / Software Engineer
958,Scritch,"San Francisco, CA",United States,https://www.scritchai.com,,engineering hiring,"AI operating system for veterinary care Tags: Artificial Intelligence, Consumer Health Services, Health Tech, B2B, Healthcare",5-40,LinkedIn,Founding Engineer
959,Semble AI,"San Francisco, CA",United States,https://www.sembleai.com,,engineering hiring,"AI Agents for contractors, manufacturers, and logistics Tags: SaaS, AI",~2,LinkedIn,Founding Engineer / Software Engineer
960,Sensera Systems,"Golden, CO",United States,https://senserasystems.com,,hiring,Construction tech / jobsite camera software company hiring senior developers.,11-50,Indeed,Senior Software Developer
961,Shor,"San Francisco, CA",United States,https://www.shorpay.com,,engineering hiring,"International payroll, built for founders",~4,LinkedIn,Founding Engineer / Software Engineer
962,Sim,"San Francisco, CA",United States,https://sim.ai,,engineering hiring,Open source platform to build AI agent workflows Tags: AI,1-10,LinkedIn,Founding Engineer / Software Engineer
963,SingleMind,"Portland, OR",United States,https://www.singlemindconsulting.com,,hiring,Pacific Northwest digital product design and development agency.,11-50,LinkedIn,Front-End React Developer
964,Sitefire,"San Francisco, CA",United States,https://sitefire.ai,,engineering hiring,"Marketing suite for the agentic web Tags: Artificial Intelligence, Analytics, Marketing",~2,LinkedIn,Founding Engineer / Software Engineer
965,Sixtyfour,"San Francisco, CA",United States,https://www.sixtyfour.ai,,engineering hiring,"Intelligence Infrastructure on People and Entities Tags: B2B, Enterprise Software, Infrastructure, AI",11-50,LinkedIn,Founding Engineer / Software Engineer
966,Sky Limit Systems,"Minneapolis, MN",United States,https://www.skylimit-systems.com,,engineering / founders,"At Sky Limit Systems, we pride ourselves on...",2-10,LinkedIn,Senior Backend Engineer
967,Slashy,"San Francisco, CA",United States,https://www.slashy.com,,engineering hiring,Cursor for Email,~3,LinkedIn,Founding Engineer / Software Engineer
968,Socratix AI,"San Francisco, CA",United States,https://getsocratix.ai,,engineering hiring,AI coworkers for fraud and risk teams.,~4,LinkedIn,Founding Engineer / Software Engineer
969,Solidroad,"San Francisco, CA",United States,https://solidroad.com,,engineering hiring,"AI agents for CX teams, starting with training and QA.",1-10,LinkedIn,Founding Engineer / Software Engineer
970,Solva,"New York City, NY",United States,https://solvatechnology.com,,engineering hiring,Automates insurance claims and stops incorrect payouts,11-50,LinkedIn,Founding Engineer / Software Engineer
971,Soren,"San Francisco, CA",United States,https://usesoren.com,,engineering hiring,"AI Transformation for Regulated Institutions Tags: B2B, Enterprise, Enterprise Software, AI",1-20,LinkedIn,Founding Engineer / Software Engineer
972,Sourcebot,"San Francisco, CA",United States,https://www.sourcebot.dev,,engineering hiring,"Helping humans and AI agents understand massive codebases Tags: Artificial Intelligence, Developer Tools, Open Source",~3,LinkedIn,Founding Engineer
973,Southern Hobby Distribution,United States (Remote),United States,https://southernhobby.com,,hiring,Distributor hiring senior Shopify developers for ecommerce stack.,51-100,Indeed,Sr Shopify Developer
974,SparkHouse LLC,"Denver, CO",United States,https://www.SparkHousePeople.com,,agency leadership / hiring,SparkHouse serves as a Human Capital/Talent Partner to companies that have a need for a skilled and experienced Senior HR...,2-10,LinkedIn,Senior Software Engineer
975,Sparkles,"San Francisco, CA",United States,https://sparkles.dev,,engineering hiring,Make everyone on your team an engineer,~1,LinkedIn,Founding Engineer / Software Engineer
976,Sprinter Health,"San Francisco, CA",United States,https://www.sprinterhealth.com,,hiring,Healthcare startup with agentic AI incubator teams hiring software engineers.,51-100,Indeed,Agentic AI Team - Software Engineer (Mid-level)
977,Standout,"San Francisco, CA",United States,https://standout.work,,engineering hiring,Agentic hiring marketplace,~3,LinkedIn,Founding Engineer / Software Engineer
978,Steadily Insurance Agency,"Austin, TX",United States,https://www.steadily.com,,hiring,Landlord insurance tech startup posting product/design roles alongside engineering hiring in Austin.,51-100,Indeed,Staff Product Designer
979,Steady Vision,"Boston, MA, United States",United States,https://steadyvision.com,,agency lead,Boston digital agency hiring web developers.,2-10,LinkedIn,Web Developer
980,Steinmetz,"San Francisco, CA",United States,https://steinmetzmotors.com,,engineering hiring,"Next-Generation Power Electronics Tags: Hardware, Electric Vehicles, Electronics",~5,LinkedIn,Founding Engineer / Software Engineer
981,Straight Arrow News,United States (Remote),United States,https://san.com,,hiring,News media tech company (11-50) hiring senior React Native engineers.,11-50,LinkedIn,"Senior Software Engineer, React Native"
982,Streamable,"San Francisco, CA",United States,https://streamable.run,,engineering hiring,"Enabling IRL streamers to do what they love. Tags: Artificial Intelligence, Consumer, Social Media, Live",~4,LinkedIn,Founding Engineer / Software Engineer
983,Structured AI,"New York City, NY",United States,https://www.getstructured.ai,,engineering hiring,"AI workforce for Construction Engineering Tags: Computer Vision, Construction, Architecture, AI",1-10,LinkedIn,Founding Engineer / Software Engineer
984,SubImage,"San Francisco, CA",United States,https://subimage.io,,engineering hiring,Software that maps your infrastructure. Open core alternative to Wiz,~4,LinkedIn,Founding Engineer / Software Engineer
985,Sunflower,"San Francisco, CA",United States,https://sunflowersober.com,,engineering hiring,Building the Sobriety Platform for the future of Superintelligence. 🌻,11-50,LinkedIn,Founding Engineer / Software Engineer
986,Superset,"San Francisco, CA",United States,https://www.superset.sh,,engineering hiring,"Building the platform for software factories Tags: Developer Tools, Consumer, B2B, Enterprise Software, AI",~3,LinkedIn,Founding Engineer
987,Sutoer Solutions Inc,"Chicago, IL",United States,,,hiring,Chicago software services firm posting .NET developer roles on Indeed.,1-50,Indeed,Dotnet Developer
988,Synphony,"San Francisco, CA",United States,https://www.synphony.co,,engineering hiring,robots & software for farms,1-10,LinkedIn,Founding Engineer / Software Engineer
989,Synthio Labs,"San Francisco, CA",United States,https://synthiolabs.com,,engineering hiring,"Agentic AI platform for Pharma GTM teams Tags: Artificial Intelligence, Biotech, Healthcare, Enterprise",11-50,LinkedIn,Founding Engineer / Software Engineer
990,Tanaq Technical Services,United States (Remote),United States,https://www.tanaq.com,,hiring,Technical services firm hiring full stack cloud developers (Indeed).,11-50,Indeed,Full Stack Cloud Developer
991,Tasklet,"San Francisco, CA",United States,https://tasklet.ai,,engineering hiring,Agents that own the work,1-10,LinkedIn,Founding Engineer / Software Engineer
992,Teal Media,United States,United States,https://www.tealmedia.com,,engineering / agency lead,WordPress / web development company or agency hiring CMS and custom web developers.,11-50,LinkedIn,Senior WordPress Backend Developer
993,Telemetron,"San Francisco, CA",United States,https://www.telemetron.ai,,engineering hiring,Support and Operations Platform for Hardware Companies,~2,LinkedIn,Founding Engineer / Software Engineer
994,Terranox AI,"San Francisco, CA",United States,https://terranox.ai,,engineering hiring,The first AI-powered uranium discovery company,~2,LinkedIn,Founding Engineer / Software Engineer
995,Tesora,"San Francisco, CA",United States,https://tesora.ai,,engineering hiring,"Frontier AI for Actuaries Tags: Artificial Intelligence, API, Insurance",~3,LinkedIn,Founding Engineer / Software Engineer
996,Texas Sports Academy,"Austin, TX",United States,https://sportsacademy.school/,,founders / engineering,Texas Sports Academy is a K-8 private school that uses sport a...,2-10,LinkedIn,Junior Software Engineer (AI-Forward)
997,Text.ai,"San Francisco, CA",United States,https://www.text.ai,,engineering hiring,"Alfi - your group chat with social skills to bring friends closer Tags: Artificial Intelligence, Consumer, Social, Social Network",~4,LinkedIn,Founding Engineer / Software Engineer
998,The Company Company,"San Francisco, CA",United States,https://www.thecompany.company,,engineering hiring,The last agent your company will ever need.,~1,LinkedIn,Founding Engineer / Software Engineer
999,The Prompting Company,"San Francisco, CA",United States,https://www.promptingcompany.com,,engineering hiring,We help products get discovered & used by AI agents.,1-10,LinkedIn,Founding Engineer / Software Engineer
1000,The Scion Group,"Chicago, IL",United States,https://www.thesciongroup.com,,hiring,Student housing tech/ops company hiring temporary full stack web developers in Chicago.,51-100,Indeed,Full Stack Web Developer - Temporary
